vm,vs,vw,qm,qs,qw,lmp,lm,npaths,rm,rw,anb
2.93,3.3,2.23,0.000129,0.00015,6.12e-05,0.427,0.0553,41,0.0037,0.00294,18.12
