vm,vs,vw,qm,qs,qw,lmp,lm,npaths,rm,rw,anb
29.76,44.8,20.87,0.00106,0.000878,0.000565,0.386,0.0553,34,0.0037,0.00294,90.97
