vm,vs,vw,qm,qs,qw,lmp,lm,npaths,rm,rw,anb
15.02,17.37,12.16,0.00068,0.000858,0.000334,0.471,0.0553,56,0.0037,0.00292,56.69
