vm,vs,vw,qm,qs,qw,lmp,lm,npaths,rm,rw,anb
12.09,10.6,11.59,0.000488,0.000459,0.000341,0.408,0.0553,42,0.0037,0.00292,46.95
