vm,vs,vw,qm,qs,qw,lmp,lm,npaths,rm,rw,anb
16.95,19.1,12.91,0.000749,0.000871,0.000355,0.427,0.0553,41,0.0037,0.00294,64.02
