vm,vs,vw,qm,qs,qw,lmp,lm,npaths,rm,rw,anb
6.4,5.62,6.14,0.000259,0.000243,0.000181,0.408,0.0553,42,0.0037,0.00292,30.6
