vm,vs,vw,qm,qs,qw,lmp,lm,npaths,rm,rw,anb
15.34,23.08,10.75,0.000544,0.000452,0.000291,0.386,0.0553,34,0.0037,0.00294,56.48
