vm,vs,vw,qm,qs,qw,lmp,lm,npaths,rm,rw,anb
26.16,39.37,18.34,0.000927,0.000771,0.000496,0.386,0.0553,34,0.0037,0.00294,79.41
