vm,vs,vw,qm,qs,qw,lmp,lm,npaths,rm,rw,anb
24.47,29.04,35.81,0.000779,0.000622,0.000787,0.449,0.0553,49,0.0037,0.00291,61.73
