vm,vs,vw,qm,qs,qw,lmp,lm,npaths,rm,rw,anb
6.73,7.79,5.45,0.000305,0.000385,0.00015,0.471,0.0553,56,0.0037,0.00292,29.15
