vm,vs,vw,qm,qs,qw,lmp,lm,npaths,rm,rw,anb
8.54,7.89,7.52,0.000356,0.00036,0.000226,0.411,0.0553,29,0.0037,0.00296,37.0
