vm,vs,vw,qm,qs,qw,lmp,lm,npaths,rm,rw,anb
12.85,12.65,10.53,0.000531,0.000553,0.00032,0.359,0.0553,35,0.0037,0.00299,72.46
