vm,vs,vw,qm,qs,qw,lmp,lm,npaths,rm,rw,anb
8.8,10.18,7.13,0.000399,0.000503,0.000196,0.471,0.0553,56,0.0037,0.00292,35.98
