vm,vs,vw,qm,qs,qw,lmp,lm,npaths,rm,rw,anb
5.26,5.93,4.01,0.000233,0.000271,0.00011,0.427,0.0553,41,0.0037,0.00294,25.91
