vm,vs,vw,qm,qs,qw,lmp,lm,npaths,rm,rw,anb
18.77,30.85,11.54,0.000754,0.00127,0.000318,0.545,0.0553,55,0.0037,0.00291,65.8
