vm,vs,vw,qm,qs,qw,lmp,lm,npaths,rm,rw,anb
20.05,24.67,27.09,0.000615,0.000475,0.000621,0.469,0.0553,49,0.0037,0.003,52.13
