vm,vs,vw,qm,qs,qw,lmp,lm,npaths,rm,rw,anb
14.71,24.18,9.04,0.000591,0.000995,0.000249,0.545,0.0553,55,0.0037,0.00291,52.4
