vm,vs,vw,qm,qs,qw,lmp,lm,npaths,rm,rw,anb
21.62,24.37,16.48,0.000956,0.00111,0.000452,0.427,0.0553,41,0.0037,0.00294,79.37
