vm,vs,vw,qm,qs,qw,lmp,lm,npaths,rm,rw,anb
16.64,19.75,24.36,0.00053,0.000423,0.000536,0.449,0.0553,49,0.0037,0.00291,43.71
