vm,vs,vw,qm,qs,qw,lmp,lm,npaths,rm,rw,anb
28.38,33.68,41.54,0.000904,0.000722,0.000913,0.449,0.0553,49,0.0037,0.00291,71.15
