vm,vs,vw,qm,qs,qw,lmp,lm,npaths,rm,rw,anb
5.91,5.46,5.21,0.000247,0.000249,0.000157,0.411,0.0553,29,0.0037,0.00296,28.3
