vm,vs,vw,qm,qs,qw,lmp,lm,npaths,rm,rw,anb
7.96,7.83,6.52,0.000329,0.000342,0.000198,0.359,0.0553,35,0.0037,0.00299,46.89
