vm,vs,vw,qm,qs,qw,lmp,lm,npaths,rm,rw,anb
10.41,10.24,8.52,0.00043,0.000448,0.000259,0.359,0.0553,35,0.0037,0.00299,69.13
