vm,vs,vw,qm,qs,qw,lmp,lm,npaths,rm,rw,anb
24.28,22.44,21.4,0.00101,0.00102,0.000643,0.411,0.0553,29,0.0037,0.00296,83.61
