vm,vs,vw,qm,qs,qw,lmp,lm,npaths,rm,rw,anb
9.94,11.2,7.57,0.000439,0.000511,0.000208,0.427,0.0553,41,0.0037,0.00294,40.92
