vm,vs,vw,qm,qs,qw,lmp,lm,npaths,rm,rw,anb
33.37,50.22,23.4,0.00118,0.000984,0.000633,0.386,0.0553,34,0.0037,0.00294,97.34
