vm,vs,vw,qm,qs,qw,lmp,lm,npaths,rm,rw,anb
4.57,7.51,2.81,0.000184,0.000309,7.74e-05,0.545,0.0553,55,0.0037,0.00291,20.66
