vm,vs,vw,qm,qs,qw,lmp,lm,npaths,rm,rw,anb
2.54,4.18,1.56,0.000102,0.000172,4.3e-05,0.545,0.0553,55,0.0037,0.00291,12.33
