vm,vs,vw,qm,qs,qw,lmp,lm,npaths,rm,rw,anb
17.77,15.59,17.03,0.000718,0.000675,0.000501,0.408,0.0553,42,0.0037,0.00292,65.12
