vm,vs,vw,qm,qs,qw,lmp,lm,npaths,rm,rw,anb
10.87,12.58,8.81,0.000492,0.000621,0.000242,0.471,0.0553,56,0.0037,0.00292,43.91
