vm,vs,vw,qm,qs,qw,lmp,lm,npaths,rm,rw,anb
6.6,10.84,4.05,0.000265,0.000446,0.000112,0.545,0.0553,55,0.0037,0.00291,27.14
