vm,vs,vw,qm,qs,qw,lmp,lm,npaths,rm,rw,anb
17.09,19.76,13.84,0.000774,0.000976,0.00038,0.471,0.0553,56,0.0037,0.00292,63.22
