vm,vs,vw,qm,qs,qw,lmp,lm,npaths,rm,rw,anb
36.21,42.97,53.0,0.00115,0.000921,0.00117,0.449,0.0553,49,0.0037,0.00291,88.32
