vm,vs,vw,qm,qs,qw,lmp,lm,npaths,rm,rw,anb
35.31,43.46,47.73,0.00108,0.000837,0.00109,0.469,0.0553,49,0.0037,0.003,85.81
