vm,vs,vw,qm,qs,qw,lmp,lm,npaths,rm,rw,anb
18.94,28.51,13.28,0.000672,0.000559,0.00036,0.386,0.0553,34,0.0037,0.00294,60.15
