vm,vs,vw,qm,qs,qw,lmp,lm,npaths,rm,rw,anb
16.74,27.52,10.29,0.000673,0.00113,0.000283,0.545,0.0553,55,0.0037,0.00291,59.77
