vm,vs,vw,qm,qs,qw,lmp,lm,npaths,rm,rw,anb
26.3,23.07,25.21,0.00106,0.000999,0.000742,0.408,0.0553,42,0.0037,0.00292,89.7
