vm,vs,vw,qm,qs,qw,lmp,lm,npaths,rm,rw,anb
8.12,12.23,5.7,0.000288,0.00024,0.000154,0.386,0.0553,34,0.0037,0.00294,27.14
