vm,vs,vw,qm,qs,qw,lmp,lm,npaths,rm,rw,anb
19.03,17.59,16.78,0.000794,0.000803,0.000504,0.411,0.0553,29,0.0037,0.00296,68.22
