vm,vs,vw,qm,qs,qw,lmp,lm,npaths,rm,rw,anb
31.49,38.77,42.57,0.000967,0.000747,0.000976,0.469,0.0553,49,0.0037,0.003,77.32
