vm,vs,vw,qm,qs,qw,lmp,lm,npaths,rm,rw,anb
20.61,18.08,19.76,0.000833,0.000783,0.000582,0.408,0.0553,42,0.0037,0.00292,73.49
