vm,vs,vw,qm,qs,qw,lmp,lm,npaths,rm,rw,anb
16.41,15.16,14.46,0.000685,0.000692,0.000435,0.411,0.0553,29,0.0037,0.00296,61.22
