vm,vs,vw,qm,qs,qw,lmp,lm,npaths,rm,rw,anb
12.27,13.83,9.35,0.000543,0.000631,0.000257,0.427,0.0553,41,0.0037,0.00294,49.66
