vm,vs,vw,qm,qs,qw,lmp,lm,npaths,rm,rw,anb
8.81,10.46,12.9,0.000281,0.000224,0.000284,0.449,0.0553,49,0.0037,0.00291,27.46
