vm,vs,vw,qm,qs,qw,lmp,lm,npaths,rm,rw,anb
8.6,10.58,11.62,0.000264,0.000204,0.000266,0.469,0.0553,49,0.0037,0.003,26.65
