vm,vs,vw,qm,qs,qw,lmp,lm,npaths,rm,rw,anb
8.63,14.18,5.3,0.000347,0.000583,0.000146,0.545,0.0553,55,0.0037,0.00291,34.6
