vm,vs,vw,qm,qs,qw,lmp,lm,npaths,rm,rw,anb
4.9,5.82,7.17,0.000156,0.000125,0.000158,0.449,0.0553,49,0.0037,0.00291,15.76
