vm,vs,vw,qm,qs,qw,lmp,lm,npaths,rm,rw,anb
9.24,8.11,8.86,0.000373,0.000351,0.000261,0.408,0.0553,42,0.0037,0.00292,37.24
