vm,vs,vw,qm,qs,qw,lmp,lm,npaths,rm,rw,anb
2.59,3.0,2.1,0.000117,0.000148,5.76e-05,0.471,0.0553,56,0.0037,0.00292,15.48
