vm,vs,vw,qm,qs,qw,lmp,lm,npaths,rm,rw,anb
11.16,10.31,9.84,0.000466,0.000471,0.000296,0.411,0.0553,29,0.0037,0.00296,45.7
