vm,vs,vw,qm,qs,qw,lmp,lm,npaths,rm,rw,anb
21.66,20.01,19.09,0.000904,0.000913,0.000574,0.411,0.0553,29,0.0037,0.00296,74.41
