vm,vs,vw,qm,qs,qw,lmp,lm,npaths,rm,rw,anb
14.61,16.47,11.13,0.000646,0.000751,0.000306,0.427,0.0553,41,0.0037,0.00294,54.33
