vm,vs,vw,qm,qs,qw,lmp,lm,npaths,rm,rw,anb
17.75,17.47,14.53,0.000733,0.000764,0.000441,0.359,0.0553,35,0.0037,0.00299,87.51
