vm,vs,vw,qm,qs,qw,lmp,lm,npaths,rm,rw,anb
12.69,20.85,7.8,0.00051,0.000858,0.000215,0.545,0.0553,55,0.0037,0.00291,46.43
