vm,vs,vw,qm,qs,qw,lmp,lm,npaths,rm,rw,anb
11.73,17.65,8.23,0.000416,0.000346,0.000223,0.386,0.0553,34,0.0037,0.00294,44.68
