vm,vs,vw,qm,qs,qw,lmp,lm,npaths,rm,rw,anb
12.73,15.1,18.63,0.000405,0.000324,0.00041,0.449,0.0553,49,0.0037,0.00291,34.74
