vm,vs,vw,qm,qs,qw,lmp,lm,npaths,rm,rw,anb
15.3,15.06,12.53,0.000632,0.000658,0.00038,0.359,0.0553,35,0.0037,0.00299,82.07
