vm,vs,vw,qm,qs,qw,lmp,lm,npaths,rm,rw,anb
7.6,8.56,5.79,0.000336,0.000391,0.000159,0.427,0.0553,41,0.0037,0.00294,33.65
