vm,vs,vw,qm,qs,qw,lmp,lm,npaths,rm,rw,anb
32.3,38.32,47.27,0.00103,0.000821,0.00104,0.449,0.0553,49,0.0037,0.00291,79.77
