vm,vs,vw,qm,qs,qw,lmp,lm,npaths,rm,rw,anb
19.29,21.73,14.7,0.000853,0.000991,0.000403,0.427,0.0553,41,0.0037,0.00294,70.53
