vm,vs,vw,qm,qs,qw,lmp,lm,npaths,rm,rw,anb
20.56,24.39,30.08,0.000655,0.000523,0.000661,0.449,0.0553,49,0.0037,0.00291,54.41
