vm,vs,vw,qm,qs,qw,lmp,lm,npaths,rm,rw,anb
22.55,33.94,15.81,0.0008,0.000665,0.000428,0.386,0.0553,34,0.0037,0.00294,66.34
