vm,vs,vw,qm,qs,qw,lmp,lm,npaths,rm,rw,anb
27.68,34.07,37.41,0.00085,0.000656,0.000858,0.469,0.0553,49,0.0037,0.003,68.22
