vm,vs,vw,qm,qs,qw,lmp,lm,npaths,rm,rw,anb
23.45,20.58,22.48,0.000947,0.000891,0.000662,0.408,0.0553,42,0.0037,0.00292,83.94
