vm,vs,vw,qm,qs,qw,lmp,lm,npaths,rm,rw,anb
3.06,3.02,2.51,0.000127,0.000132,7.62e-05,0.359,0.0553,35,0.0037,0.00299,23.44
