vm,vs,vw,qm,qs,qw,lmp,lm,npaths,rm,rw,anb
13.78,12.74,12.15,0.000575,0.000581,0.000365,0.411,0.0553,29,0.0037,0.00296,53.02
