vm,vs,vw,qm,qs,qw,lmp,lm,npaths,rm,rw,anb
22.64,22.29,18.54,0.000936,0.000974,0.000563,0.359,0.0553,35,0.0037,0.00299,118.24
