vm,vs,vw,qm,qs,qw,lmp,lm,npaths,rm,rw,anb
3.56,3.12,3.41,0.000144,0.000135,0.0001,0.408,0.0553,42,0.0037,0.00292,20.27
