vm,vs,vw,qm,qs,qw,lmp,lm,npaths,rm,rw,anb
23.86,29.37,32.25,0.000732,0.000566,0.00074,0.469,0.0553,49,0.0037,0.003,60.37
