vm,vs,vw,qm,qs,qw,lmp,lm,npaths,rm,rw,anb
4.52,6.8,3.17,0.00016,0.000133,8.57e-05,0.386,0.0553,34,0.0037,0.00294,16.62
