vm,vs,vw,qm,qs,qw,lmp,lm,npaths,rm,rw,anb
3.29,3.04,2.9,0.000137,0.000139,8.71e-05,0.411,0.0553,29,0.0037,0.00296,17.38
