vm,vs,vw,qm,qs,qw,lmp,lm,npaths,rm,rw,anb
12.95,14.97,10.49,0.000586,0.000739,0.000288,0.471,0.0553,56,0.0037,0.00292,50.07
