vm,vs,vw,qm,qs,qw,lmp,lm,npaths,rm,rw,anb
20.2,19.88,16.54,0.000835,0.000869,0.000502,0.359,0.0553,35,0.0037,0.00299,105.95
