vm,vs,vw,qm,qs,qw,lmp,lm,npaths,rm,rw,anb
5.51,5.43,4.51,0.000228,0.000237,0.000137,0.359,0.0553,35,0.0037,0.00299,38.7
