vm,vs,vw,qm,qs,qw,lmp,lm,npaths,rm,rw,anb
19.16,22.16,15.52,0.000867,0.00109,0.000426,0.471,0.0553,56,0.0037,0.00292,69.55
