vm,vs,vw,qm,qs,qw,lmp,lm,npaths,rm,rw,anb
10.66,17.51,6.55,0.000428,0.00072,0.00018,0.545,0.0553,55,0.0037,0.00291,41.6
