vm,vs,vw,qm,qs,qw,lmp,lm,npaths,rm,rw,anb
4.78,5.88,6.46,0.000147,0.000113,0.000148,0.469,0.0553,49,0.0037,0.003,15.87
