vm,vs,vw,qm,qs,qw,lmp,lm,npaths,rm,rw,anb
4.66,5.39,3.78,0.000211,0.000266,0.000104,0.471,0.0553,56,0.0037,0.00292,23.56
