vm,vs,vw,qm,qs,qw,lmp,lm,npaths,rm,rw,anb
16.23,19.98,21.94,0.000498,0.000385,0.000503,0.469,0.0553,49,0.0037,0.003,43.07
