vm,vs,vw,qm,qs,qw,lmp,lm,npaths,rm,rw,anb
14.93,13.1,14.31,0.000603,0.000567,0.000421,0.408,0.0553,42,0.0037,0.00292,59.35
