vm,vs,vw,qm,qs,qw,lmp,lm,npaths,rm,rw,anb
12.41,15.28,16.78,0.000381,0.000294,0.000385,0.469,0.0553,49,0.0037,0.003,35.69
