vm,vs,vw,qm,qs,qw,lmp,lm,npaths,rm,rw,anb
12.31,11.94,11.47,0.000697,0.000646,0.000597,0.653,0.0682,77,0.00471,0.00438,31.8
