vm,vs,vw,qm,qs,qw,lmp,lm,npaths,rm,rw,anb
14.28,13.39,10.83,0.00087,0.000808,0.000535,0.726,0.0682,186,0.00471,0.00439,39.44
