vm,vs,vw,qm,qs,qw,lmp,lm,npaths,rm,rw,anb
4.97,7.09,5.38,0.00026,0.000307,0.000225,0.823,0.0682,223,0.00471,0.0043,16.18
