vm,vs,vw,qm,qs,qw,lmp,lm,npaths,rm,rw,anb
0.43,0.42,0.4,2.43e-05,2.25e-05,2.08e-05,0.653,0.0682,77,0.00471,0.00438,2.15
