vm,vs,vw,qm,qs,qw,lmp,lm,npaths,rm,rw,anb
7.27,8.66,3.04,0.000421,0.000473,0.000162,0.66,0.0682,67,0.00471,0.00446,20.19
