vm,vs,vw,qm,qs,qw,lmp,lm,npaths,rm,rw,anb
3.82,3.57,2.64,0.000219,0.000215,0.000132,0.617,0.0682,69,0.00471,0.00441,12.11
