vm,vs,vw,qm,qs,qw,lmp,lm,npaths,rm,rw,anb
7.22,6.73,4.98,0.000414,0.000407,0.000249,0.617,0.0682,69,0.00471,0.00441,19.1
