vm,vs,vw,qm,qs,qw,lmp,lm,npaths,rm,rw,anb
8.92,8.32,6.15,0.000512,0.000502,0.000308,0.617,0.0682,69,0.00471,0.00441,22.31
