vm,vs,vw,qm,qs,qw,lmp,lm,npaths,rm,rw,anb
10.61,10.3,9.89,0.000601,0.000557,0.000514,0.653,0.0682,77,0.00471,0.00438,28.03
