vm,vs,vw,qm,qs,qw,lmp,lm,npaths,rm,rw,anb
12.5,15.1,5.64,0.000666,0.000713,0.00029,0.664,0.0682,65,0.00471,0.0044,34.06
