vm,vs,vw,qm,qs,qw,lmp,lm,npaths,rm,rw,anb
2.5,3.03,1.13,0.000133,0.000143,5.8e-05,0.664,0.0682,65,0.00471,0.0044,9.57
