vm,vs,vw,qm,qs,qw,lmp,lm,npaths,rm,rw,anb
14.01,13.59,13.05,0.000794,0.000735,0.000679,0.653,0.0682,77,0.00471,0.00438,33.91
