vm,vs,vw,qm,qs,qw,lmp,lm,npaths,rm,rw,anb
2.89,3.62,2.33,0.000148,0.000133,0.000157,0.864,0.0682,229,0.00471,0.00427,11.55
