vm,vs,vw,qm,qs,qw,lmp,lm,npaths,rm,rw,anb
7.23,7.18,7.88,0.000446,0.000478,0.000513,0.753,0.0682,103,0.00471,0.00433,33.67
