vm,vs,vw,qm,qs,qw,lmp,lm,npaths,rm,rw,anb
12.31,11.49,8.5,0.000707,0.000693,0.000425,0.617,0.0682,69,0.00471,0.00441,28.98
