vm,vs,vw,qm,qs,qw,lmp,lm,npaths,rm,rw,anb
3.44,4.91,3.73,0.00018,0.000213,0.000156,0.823,0.0682,223,0.00471,0.0043,13.13
