vm,vs,vw,qm,qs,qw,lmp,lm,npaths,rm,rw,anb
14.5,17.52,6.54,0.000772,0.000827,0.000336,0.664,0.0682,65,0.00471,0.0044,40.97
