vm,vs,vw,qm,qs,qw,lmp,lm,npaths,rm,rw,anb
7.36,6.9,5.58,0.000448,0.000416,0.000276,0.726,0.0682,186,0.00471,0.00439,24.58
