vm,vs,vw,qm,qs,qw,lmp,lm,npaths,rm,rw,anb
8.98,10.7,3.76,0.000521,0.000585,0.0002,0.66,0.0682,67,0.00471,0.00446,23.92
