vm,vs,vw,qm,qs,qw,lmp,lm,npaths,rm,rw,anb
7.52,9.41,6.05,0.000384,0.000347,0.000408,0.864,0.0682,229,0.00471,0.00427,23.31
