vm,vs,vw,qm,qs,qw,lmp,lm,npaths,rm,rw,anb
7.22,7.0,6.72,0.000409,0.000379,0.00035,0.653,0.0682,77,0.00471,0.00438,21.33
