vm,vs,vw,qm,qs,qw,lmp,lm,npaths,rm,rw,anb
4.5,5.44,2.03,0.00024,0.000257,0.000104,0.664,0.0682,65,0.00471,0.0044,16.19
