vm,vs,vw,qm,qs,qw,lmp,lm,npaths,rm,rw,anb
5.53,5.49,6.03,0.000341,0.000366,0.000392,0.753,0.0682,103,0.00471,0.00433,26.76
