vm,vs,vw,qm,qs,qw,lmp,lm,npaths,rm,rw,anb
1.99,2.08,1.52,0.000115,0.000109,7.64e-05,0.658,0.0682,103,0.00471,0.00441,12.36
