vm,vs,vw,qm,qs,qw,lmp,lm,npaths,rm,rw,anb
2.13,1.98,1.47,0.000122,0.00012,7.35e-05,0.617,0.0682,69,0.00471,0.00441,7.97
