vm,vs,vw,qm,qs,qw,lmp,lm,npaths,rm,rw,anb
3.82,3.71,3.56,0.000217,0.000201,0.000185,0.653,0.0682,77,0.00471,0.00438,12.97
