vm,vs,vw,qm,qs,qw,lmp,lm,npaths,rm,rw,anb
12.14,15.19,9.77,0.00062,0.00056,0.000659,0.864,0.0682,229,0.00471,0.00427,28.31
