vm,vs,vw,qm,qs,qw,lmp,lm,npaths,rm,rw,anb
8.33,8.72,6.38,0.000484,0.000456,0.000321,0.658,0.0682,103,0.00471,0.00441,37.4
