vm,vs,vw,qm,qs,qw,lmp,lm,npaths,rm,rw,anb
10.7,12.74,4.47,0.00062,0.000696,0.000238,0.66,0.0682,67,0.00471,0.00446,27.37
