vm,vs,vw,qm,qs,qw,lmp,lm,npaths,rm,rw,anb
5.63,5.28,4.27,0.000343,0.000319,0.000211,0.726,0.0682,186,0.00471,0.00439,20.31
