vm,vs,vw,qm,qs,qw,lmp,lm,npaths,rm,rw,anb
14.01,13.07,9.67,0.000804,0.000789,0.000484,0.617,0.0682,69,0.00471,0.00441,32.58
