vm,vs,vw,qm,qs,qw,lmp,lm,npaths,rm,rw,anb
5.16,5.4,3.95,0.000299,0.000283,0.000199,0.658,0.0682,103,0.00471,0.00441,26.64
