vm,vs,vw,qm,qs,qw,lmp,lm,npaths,rm,rw,anb
12.61,17.98,13.65,0.00066,0.000779,0.000571,0.823,0.0682,223,0.00471,0.0043,34.92
