vm,vs,vw,qm,qs,qw,lmp,lm,npaths,rm,rw,anb
14.14,20.16,15.3,0.00074,0.000873,0.00064,0.823,0.0682,223,0.00471,0.0043,38.98
