vm,vs,vw,qm,qs,qw,lmp,lm,npaths,rm,rw,anb
9.55,13.63,10.34,0.0005,0.00059,0.000432,0.823,0.0682,223,0.00471,0.0043,26.94
