vm,vs,vw,qm,qs,qw,lmp,lm,npaths,rm,rw,anb
10.61,9.9,7.32,0.000609,0.000598,0.000367,0.617,0.0682,69,0.00471,0.00441,26.51
