vm,vs,vw,qm,qs,qw,lmp,lm,npaths,rm,rw,anb
3.83,3.8,4.17,0.000236,0.000253,0.000272,0.753,0.0682,103,0.00471,0.00433,21.51
