vm,vs,vw,qm,qs,qw,lmp,lm,npaths,rm,rw,anb
15.73,15.63,17.15,0.00097,0.00104,0.00112,0.753,0.0682,103,0.00471,0.00433,58.61
