vm,vs,vw,qm,qs,qw,lmp,lm,npaths,rm,rw,anb
14.45,18.08,11.63,0.000738,0.000666,0.000785,0.864,0.0682,229,0.00471,0.00427,38.2
