vm,vs,vw,qm,qs,qw,lmp,lm,npaths,rm,rw,anb
9.09,8.53,6.89,0.000554,0.000514,0.000341,0.726,0.0682,186,0.00471,0.00439,28.5
