vm,vs,vw,qm,qs,qw,lmp,lm,npaths,rm,rw,anb
8.02,11.45,8.69,0.00042,0.000496,0.000363,0.823,0.0682,223,0.00471,0.0043,22.72
