vm,vs,vw,qm,qs,qw,lmp,lm,npaths,rm,rw,anb
15.71,15.24,14.63,0.00089,0.000824,0.000761,0.653,0.0682,77,0.00471,0.00438,38.03
