vm,vs,vw,qm,qs,qw,lmp,lm,npaths,rm,rw,anb
16.76,20.98,13.49,0.000856,0.000773,0.00091,0.864,0.0682,229,0.00471,0.00427,41.55
