vm,vs,vw,qm,qs,qw,lmp,lm,npaths,rm,rw,anb
2.13,2.06,1.98,0.00012,0.000112,0.000103,0.653,0.0682,77,0.00471,0.00438,8.02
