vm,vs,vw,qm,qs,qw,lmp,lm,npaths,rm,rw,anb
9.83,12.3,7.91,0.000502,0.000453,0.000534,0.864,0.0682,229,0.00471,0.00427,27.73
