vm,vs,vw,qm,qs,qw,lmp,lm,npaths,rm,rw,anb
13.09,13.71,10.03,0.00076,0.000717,0.000504,0.658,0.0682,103,0.00471,0.00441,50.27
