vm,vs,vw,qm,qs,qw,lmp,lm,npaths,rm,rw,anb
5.56,6.63,2.33,0.000322,0.000362,0.000124,0.66,0.0682,67,0.00471,0.00446,16.11
