vm,vs,vw,qm,qs,qw,lmp,lm,npaths,rm,rw,anb
11.08,15.81,12.0,0.00058,0.000684,0.000502,0.823,0.0682,223,0.00471,0.0043,31.09
