vm,vs,vw,qm,qs,qw,lmp,lm,npaths,rm,rw,anb
0.4,0.42,0.31,2.32e-05,2.19e-05,1.54e-05,0.658,0.0682,103,0.00471,0.00441,3.5
