vm,vs,vw,qm,qs,qw,lmp,lm,npaths,rm,rw,anb
16.01,15.02,12.14,0.000975,0.000906,0.0006,0.726,0.0682,186,0.00471,0.00439,42.74
