vm,vs,vw,qm,qs,qw,lmp,lm,npaths,rm,rw,anb
14.68,15.37,11.24,0.000852,0.000804,0.000565,0.658,0.0682,103,0.00471,0.00441,55.9
