vm,vs,vw,qm,qs,qw,lmp,lm,npaths,rm,rw,anb
3.85,4.59,1.61,0.000223,0.000251,8.57e-05,0.66,0.0682,67,0.00471,0.00446,12.06
