vm,vs,vw,qm,qs,qw,lmp,lm,npaths,rm,rw,anb
1.91,2.73,2.07,0.0001,0.000118,8.66e-05,0.823,0.0682,223,0.00471,0.0043,7.75
