vm,vs,vw,qm,qs,qw,lmp,lm,npaths,rm,rw,anb
5.52,5.36,5.14,0.000313,0.00029,0.000268,0.653,0.0682,77,0.00471,0.00438,18.13
