vm,vs,vw,qm,qs,qw,lmp,lm,npaths,rm,rw,anb
14.03,13.94,15.3,0.000865,0.000928,0.000995,0.753,0.0682,103,0.00471,0.00433,53.65
