vm,vs,vw,qm,qs,qw,lmp,lm,npaths,rm,rw,anb
9.92,10.39,7.6,0.000576,0.000543,0.000382,0.658,0.0682,103,0.00471,0.00441,44.33
