vm,vs,vw,qm,qs,qw,lmp,lm,npaths,rm,rw,anb
5.21,6.51,4.19,0.000266,0.00024,0.000283,0.864,0.0682,229,0.00471,0.00427,14.11
