vm,vs,vw,qm,qs,qw,lmp,lm,npaths,rm,rw,anb
15.83,18.85,6.62,0.000917,0.00103,0.000352,0.66,0.0682,67,0.00471,0.00446,39.04
