vm,vs,vw,qm,qs,qw,lmp,lm,npaths,rm,rw,anb
3.9,3.66,2.96,0.000237,0.000221,0.000146,0.726,0.0682,186,0.00471,0.00439,15.52
