vm,vs,vw,qm,qs,qw,lmp,lm,npaths,rm,rw,anb
18.5,22.35,8.35,0.000985,0.00105,0.000428,0.664,0.0682,65,0.00471,0.0044,46.86
