vm,vs,vw,qm,qs,qw,lmp,lm,npaths,rm,rw,anb
19.07,23.87,15.35,0.000974,0.000879,0.00104,0.864,0.0682,229,0.00471,0.00427,45.33
