vm,vs,vw,qm,qs,qw,lmp,lm,npaths,rm,rw,anb
21.39,26.76,17.21,0.00109,0.000986,0.00116,0.864,0.0682,229,0.00471,0.00427,50.45
