vm,vs,vw,qm,qs,qw,lmp,lm,npaths,rm,rw,anb
2.14,2.55,0.9,0.000124,0.000139,4.76e-05,0.66,0.0682,67,0.00471,0.00446,7.62
