vm,vs,vw,qm,qs,qw,lmp,lm,npaths,rm,rw,anb
0.43,0.43,0.47,2.65e-05,2.84e-05,3.04e-05,0.753,0.0682,103,0.00471,0.00433,3.57
