vm,vs,vw,qm,qs,qw,lmp,lm,npaths,rm,rw,anb
12.55,11.77,9.52,0.000764,0.00071,0.000471,0.726,0.0682,186,0.00471,0.00439,35.26
