vm,vs,vw,qm,qs,qw,lmp,lm,npaths,rm,rw,anb
6.5,7.86,2.93,0.000346,0.000371,0.000151,0.664,0.0682,65,0.00471,0.0044,22.15
