vm,vs,vw,qm,qs,qw,lmp,lm,npaths,rm,rw,anb
6.5,9.27,7.03,0.00034,0.000401,0.000294,0.823,0.0682,223,0.00471,0.0043,20.73
