vm,vs,vw,qm,qs,qw,lmp,lm,npaths,rm,rw,anb
15.71,14.65,10.84,0.000902,0.000884,0.000543,0.617,0.0682,69,0.00471,0.00441,35.11
