vm,vs,vw,qm,qs,qw,lmp,lm,npaths,rm,rw,anb
10.82,10.15,8.21,0.000659,0.000612,0.000406,0.726,0.0682,186,0.00471,0.00439,32.07
