vm,vs,vw,qm,qs,qw,lmp,lm,npaths,rm,rw,anb
10.5,12.69,4.74,0.000559,0.000599,0.000243,0.664,0.0682,65,0.00471,0.0044,31.91
