vm,vs,vw,qm,qs,qw,lmp,lm,npaths,rm,rw,anb
10.63,10.56,11.59,0.000656,0.000703,0.000754,0.753,0.0682,103,0.00471,0.00433,43.06
