vm,vs,vw,qm,qs,qw,lmp,lm,npaths,rm,rw,anb
12.33,12.25,13.44,0.00076,0.000816,0.000874,0.753,0.0682,103,0.00471,0.00433,49.91
