vm,vs,vw,qm,qs,qw,lmp,lm,npaths,rm,rw,anb
0.44,0.41,0.33,2.66e-05,2.47e-05,1.64e-05,0.726,0.0682,186,0.00471,0.00439,2.8
