vm,vs,vw,qm,qs,qw,lmp,lm,npaths,rm,rw,anb
8.93,8.87,9.73,0.000551,0.000591,0.000633,0.753,0.0682,103,0.00471,0.00433,36.53
