vm,vs,vw,qm,qs,qw,lmp,lm,npaths,rm,rw,anb
16.5,19.94,7.45,0.000879,0.000941,0.000382,0.664,0.0682,65,0.00471,0.0044,41.9
