vm,vs,vw,qm,qs,qw,lmp,lm,npaths,rm,rw,anb
8.92,8.65,8.3,0.000505,0.000468,0.000432,0.653,0.0682,77,0.00471,0.00438,23.7
