vm,vs,vw,qm,qs,qw,lmp,lm,npaths,rm,rw,anb
11.5,12.05,8.81,0.000668,0.00063,0.000443,0.658,0.0682,103,0.00471,0.00441,48.75
