vm,vs,vw,qm,qs,qw,lmp,lm,npaths,rm,rw,anb
8.5,10.27,3.84,0.000453,0.000485,0.000197,0.664,0.0682,65,0.00471,0.0044,26.97
