vm,vs,vw,qm,qs,qw,lmp,lm,npaths,rm,rw,anb
3.57,3.74,2.74,0.000207,0.000196,0.000137,0.658,0.0682,103,0.00471,0.00441,19.29
