vm,vs,vw,qm,qs,qw,lmp,lm,npaths,rm,rw,anb
0.43,0.4,0.3,2.46e-05,2.41e-05,1.48e-05,0.617,0.0682,69,0.00471,0.00441,2.43
