vm,vs,vw,qm,qs,qw,lmp,lm,npaths,rm,rw,anb
14.12,16.81,5.91,0.000818,0.000919,0.000314,0.66,0.0682,67,0.00471,0.00446,35.66
