vm,vs,vw,qm,qs,qw,lmp,lm,npaths,rm,rw,anb
5.52,5.15,3.81,0.000317,0.000311,0.000191,0.617,0.0682,69,0.00471,0.00441,15.61
