vm,vs,vw,qm,qs,qw,lmp,lm,npaths,rm,rw,anb
12.41,14.77,5.19,0.000719,0.000807,0.000276,0.66,0.0682,67,0.00471,0.00446,31.42
