vm,vs,vw,qm,qs,qw,lmp,lm,npaths,rm,rw,anb
6.75,7.06,5.17,0.000391,0.000369,0.00026,0.658,0.0682,103,0.00471,0.00441,30.81
