vm,vs,vw,qm,qs,qw,lmp,lm,npaths,rm,rw,anb
2.13,2.12,2.32,0.000131,0.000141,0.000151,0.753,0.0682,103,0.00471,0.00433,13.07
