vm,vs,vw,qm,qs,qw,lmp,lm,npaths,rm,rw,anb
2.17,2.03,1.64,0.000132,0.000123,8.13e-05,0.726,0.0682,186,0.00471,0.00439,9.29
