vm,vs,vw,qm,qs,qw,lmp,lm,npaths,rm,rw,anb
0.43,0.51,0.18,2.5e-05,2.81e-05,9.6e-06,0.66,0.0682,67,0.00471,0.00446,2.35
