vm,vs,vw,qm,qs,qw,lmp,lm,npaths,rm,rw,anb
0.58,0.73,0.47,2.98e-05,2.69e-05,3.17e-05,0.864,0.0682,229,0.00471,0.00427,2.39
