vm,vs,vw,qm,qs,qw,lmp,lm,npaths,rm,rw,anb
6.9,5.89,5.32,0.000533,0.000441,0.000435,0.695,0.0815,830,0.00514,0.00627,27.75
