vm,vs,vw,qm,qs,qw,lmp,lm,npaths,rm,rw,anb
5.58,3.94,5.5,0.000462,0.000404,0.00089,0.648,0.0815,243,0.00514,0.00644,27.16
