vm,vs,vw,qm,qs,qw,lmp,lm,npaths,rm,rw,anb
2.34,1.62,0.98,0.000186,0.000137,0.000133,0.542,0.0815,154,0.00514,0.00692,10.37
