vm,vs,vw,qm,qs,qw,lmp,lm,npaths,rm,rw,anb
10.21,8.72,7.87,0.000789,0.000653,0.000644,0.695,0.0815,830,0.00514,0.00627,39.85
