vm,vs,vw,qm,qs,qw,lmp,lm,npaths,rm,rw,anb
3.93,2.82,4.15,0.000349,0.000352,0.000702,0.655,0.0815,401,0.00514,0.00641,19.04
