vm,vs,vw,qm,qs,qw,lmp,lm,npaths,rm,rw,anb
2.39,1.69,2.36,0.000198,0.000173,0.000382,0.648,0.0815,243,0.00514,0.00644,15.1
