vm,vs,vw,qm,qs,qw,lmp,lm,npaths,rm,rw,anb
6.43,5.12,2.6,0.000509,0.000399,0.000309,0.57,0.0815,154,0.00514,0.00676,20.36
