vm,vs,vw,qm,qs,qw,lmp,lm,npaths,rm,rw,anb
1.16,0.83,1.22,0.000103,0.000104,0.000207,0.655,0.0815,401,0.00514,0.00641,8.01
