vm,vs,vw,qm,qs,qw,lmp,lm,npaths,rm,rw,anb
7.2,7.73,5.32,0.000581,0.000625,0.000614,0.578,0.0815,184,0.00514,0.00672,32.5
