vm,vs,vw,qm,qs,qw,lmp,lm,npaths,rm,rw,anb
7.53,5.22,3.16,0.000598,0.000442,0.000429,0.542,0.0815,154,0.00514,0.00692,23.37
