vm,vs,vw,qm,qs,qw,lmp,lm,npaths,rm,rw,anb
0.23,0.17,0.25,2.07e-05,2.09e-05,4.16e-05,0.655,0.0815,401,0.00514,0.00641,2.23
