vm,vs,vw,qm,qs,qw,lmp,lm,npaths,rm,rw,anb
4.52,3.19,4.46,0.000374,0.000327,0.00072,0.648,0.0815,243,0.00514,0.00644,23.86
