vm,vs,vw,qm,qs,qw,lmp,lm,npaths,rm,rw,anb
9.83,6.94,9.7,0.000815,0.000712,0.00157,0.648,0.0815,243,0.00514,0.00644,41.6
