vm,vs,vw,qm,qs,qw,lmp,lm,npaths,rm,rw,anb
1.09,1.17,0.81,8.81e-05,9.48e-05,9.31e-05,0.578,0.0815,184,0.00514,0.00672,6.5
