vm,vs,vw,qm,qs,qw,lmp,lm,npaths,rm,rw,anb
9.1,7.77,7.02,0.000704,0.000582,0.000574,0.695,0.0815,830,0.00514,0.00627,36.07
