vm,vs,vw,qm,qs,qw,lmp,lm,npaths,rm,rw,anb
1.97,2.11,1.45,0.000159,0.00017,0.000168,0.578,0.0815,184,0.00514,0.00672,11.27
