vm,vs,vw,qm,qs,qw,lmp,lm,npaths,rm,rw,anb
2.32,1.84,0.94,0.000183,0.000144,0.000111,0.57,0.0815,154,0.00514,0.00676,9.4
