vm,vs,vw,qm,qs,qw,lmp,lm,npaths,rm,rw,anb
7.7,5.44,7.6,0.000639,0.000558,0.00123,0.648,0.0815,243,0.00514,0.00644,34.52
