vm,vs,vw,qm,qs,qw,lmp,lm,npaths,rm,rw,anb
3.71,3.98,2.74,0.000299,0.000322,0.000316,0.578,0.0815,184,0.00514,0.00672,19.67
