vm,vs,vw,qm,qs,qw,lmp,lm,npaths,rm,rw,anb
8.43,6.07,8.22,0.000721,0.000663,0.00132,0.696,0.0815,599,0.00514,0.00627,33.54
