vm,vs,vw,qm,qs,qw,lmp,lm,npaths,rm,rw,anb
7.62,5.47,8.05,0.000677,0.000682,0.00136,0.655,0.0815,401,0.00514,0.00641,30.33
