vm,vs,vw,qm,qs,qw,lmp,lm,npaths,rm,rw,anb
6.28,4.99,2.53,0.000494,0.00039,0.000264,0.62,0.0815,259,0.00514,0.00654,20.49
