vm,vs,vw,qm,qs,qw,lmp,lm,npaths,rm,rw,anb
2.48,2.12,1.92,0.000192,0.000159,0.000157,0.695,0.0815,830,0.00514,0.00627,11.82
