vm,vs,vw,qm,qs,qw,lmp,lm,npaths,rm,rw,anb
8.77,6.19,8.65,0.000727,0.000635,0.0014,0.648,0.0815,243,0.00514,0.00644,39.02
