vm,vs,vw,qm,qs,qw,lmp,lm,npaths,rm,rw,anb
5.27,4.2,2.12,0.000415,0.000328,0.000222,0.62,0.0815,259,0.00514,0.00654,22.58
