vm,vs,vw,qm,qs,qw,lmp,lm,npaths,rm,rw,anb
4.51,3.59,2.69,0.000372,0.000326,0.000299,0.633,0.0815,445,0.00514,0.00649,17.65
