vm,vs,vw,qm,qs,qw,lmp,lm,npaths,rm,rw,anb
8.75,6.97,5.22,0.000723,0.000632,0.000581,0.633,0.0815,445,0.00514,0.00649,28.06
