vm,vs,vw,qm,qs,qw,lmp,lm,npaths,rm,rw,anb
0.27,0.21,0.16,2.21e-05,1.93e-05,1.78e-05,0.633,0.0815,445,0.00514,0.00649,1.92
