vm,vs,vw,qm,qs,qw,lmp,lm,npaths,rm,rw,anb
5.57,4.44,3.32,0.00046,0.000402,0.00037,0.633,0.0815,445,0.00514,0.00649,19.54
