vm,vs,vw,qm,qs,qw,lmp,lm,npaths,rm,rw,anb
1.26,1.0,0.51,9.9e-05,7.81e-05,5.28e-05,0.62,0.0815,259,0.00514,0.00654,5.41
