vm,vs,vw,qm,qs,qw,lmp,lm,npaths,rm,rw,anb
0.26,0.21,0.1,2.05e-05,1.61e-05,1.25e-05,0.57,0.0815,154,0.00514,0.00676,1.54
