vm,vs,vw,qm,qs,qw,lmp,lm,npaths,rm,rw,anb
6.33,6.79,4.67,0.00051,0.000549,0.000539,0.578,0.0815,184,0.00514,0.00672,28.81
