vm,vs,vw,qm,qs,qw,lmp,lm,npaths,rm,rw,anb
2.08,1.49,2.2,0.000185,0.000186,0.000372,0.655,0.0815,401,0.00514,0.00641,11.91
