vm,vs,vw,qm,qs,qw,lmp,lm,npaths,rm,rw,anb
8.29,6.59,3.33,0.000652,0.000515,0.000348,0.62,0.0815,259,0.00514,0.00654,26.05
