vm,vs,vw,qm,qs,qw,lmp,lm,npaths,rm,rw,anb
8.57,5.93,3.6,0.00068,0.000503,0.000488,0.542,0.0815,154,0.00514,0.00692,25.68
