vm,vs,vw,qm,qs,qw,lmp,lm,npaths,rm,rw,anb
4.85,3.48,5.13,0.000431,0.000434,0.000867,0.655,0.0815,401,0.00514,0.00641,21.55
