vm,vs,vw,qm,qs,qw,lmp,lm,npaths,rm,rw,anb
0.28,0.24,0.21,2.15e-05,1.78e-05,1.76e-05,0.695,0.0815,830,0.00514,0.00627,1.9
