vm,vs,vw,qm,qs,qw,lmp,lm,npaths,rm,rw,anb
6.63,5.28,3.95,0.000547,0.000479,0.00044,0.633,0.0815,445,0.00514,0.00649,22.8
