vm,vs,vw,qm,qs,qw,lmp,lm,npaths,rm,rw,anb
6.7,4.81,7.08,0.000595,0.0006,0.0012,0.655,0.0815,401,0.00514,0.00641,27.94
