vm,vs,vw,qm,qs,qw,lmp,lm,npaths,rm,rw,anb
3.46,2.44,3.41,0.000286,0.00025,0.000551,0.648,0.0815,243,0.00514,0.00644,17.47
