vm,vs,vw,qm,qs,qw,lmp,lm,npaths,rm,rw,anb
8.0,6.83,6.17,0.000619,0.000512,0.000505,0.695,0.0815,830,0.00514,0.00627,32.73
