vm,vs,vw,qm,qs,qw,lmp,lm,npaths,rm,rw,anb
8.55,6.14,9.03,0.000759,0.000765,0.00153,0.655,0.0815,401,0.00514,0.00641,32.19
