vm,vs,vw,qm,qs,qw,lmp,lm,npaths,rm,rw,anb
5.37,3.87,5.23,0.000459,0.000422,0.000838,0.696,0.0815,599,0.00514,0.00627,22.02
