vm,vs,vw,qm,qs,qw,lmp,lm,npaths,rm,rw,anb
7.46,5.94,3.02,0.00059,0.000463,0.000358,0.57,0.0815,154,0.00514,0.00676,23.38
