vm,vs,vw,qm,qs,qw,lmp,lm,npaths,rm,rw,anb
5.46,5.85,4.03,0.00044,0.000473,0.000465,0.578,0.0815,184,0.00514,0.00672,24.81
