vm,vs,vw,qm,qs,qw,lmp,lm,npaths,rm,rw,anb
9.51,7.58,3.85,0.000753,0.000591,0.000457,0.57,0.0815,154,0.00514,0.00676,27.88
