vm,vs,vw,qm,qs,qw,lmp,lm,npaths,rm,rw,anb
4.42,3.06,1.85,0.000351,0.000259,0.000252,0.542,0.0815,154,0.00514,0.00692,16.58
