vm,vs,vw,qm,qs,qw,lmp,lm,npaths,rm,rw,anb
0.25,0.2,0.1,1.99e-05,1.57e-05,1.06e-05,0.62,0.0815,259,0.00514,0.00654,1.76
