vm,vs,vw,qm,qs,qw,lmp,lm,npaths,rm,rw,anb
3.38,2.34,1.42,0.000268,0.000198,0.000192,0.542,0.0815,154,0.00514,0.00692,13.85
