vm,vs,vw,qm,qs,qw,lmp,lm,npaths,rm,rw,anb
0.22,0.24,0.16,1.78e-05,1.91e-05,1.88e-05,0.578,0.0815,184,0.00514,0.00672,1.64
