vm,vs,vw,qm,qs,qw,lmp,lm,npaths,rm,rw,anb
0.26,0.19,0.25,2.21e-05,2.03e-05,4.03e-05,0.696,0.0815,599,0.00514,0.00627,2.02
