vm,vs,vw,qm,qs,qw,lmp,lm,npaths,rm,rw,anb
7.41,5.34,7.23,0.000634,0.000583,0.00116,0.696,0.0815,599,0.00514,0.00627,30.3
