vm,vs,vw,qm,qs,qw,lmp,lm,npaths,rm,rw,anb
1.3,0.9,0.55,0.000103,7.63e-05,7.41e-05,0.542,0.0815,154,0.00514,0.00692,7.64
