vm,vs,vw,qm,qs,qw,lmp,lm,npaths,rm,rw,anb
2.26,1.8,0.91,0.000178,0.000141,9.5e-05,0.62,0.0815,259,0.00514,0.00654,9.28
