vm,vs,vw,qm,qs,qw,lmp,lm,npaths,rm,rw,anb
6.39,4.6,6.23,0.000547,0.000502,0.000997,0.696,0.0815,599,0.00514,0.00627,26.93
