vm,vs,vw,qm,qs,qw,lmp,lm,npaths,rm,rw,anb
4.58,4.92,3.38,0.00037,0.000397,0.000391,0.578,0.0815,184,0.00514,0.00672,24.26
