vm,vs,vw,qm,qs,qw,lmp,lm,npaths,rm,rw,anb
0.27,0.19,0.26,2.22e-05,1.94e-05,4.27e-05,0.648,0.0815,243,0.00514,0.00644,2.46
