vm,vs,vw,qm,qs,qw,lmp,lm,npaths,rm,rw,anb
5.46,3.78,2.29,0.000433,0.00032,0.000311,0.542,0.0815,154,0.00514,0.00692,19.58
