vm,vs,vw,qm,qs,qw,lmp,lm,npaths,rm,rw,anb
3.59,3.06,2.77,0.000277,0.000229,0.000226,0.695,0.0815,830,0.00514,0.00627,15.99
