vm,vs,vw,qm,qs,qw,lmp,lm,npaths,rm,rw,anb
6.64,4.69,6.55,0.000551,0.000481,0.00106,0.648,0.0815,243,0.00514,0.00644,30.12
