vm,vs,vw,qm,qs,qw,lmp,lm,npaths,rm,rw,anb
2.3,1.66,2.24,0.000197,0.000181,0.000359,0.696,0.0815,599,0.00514,0.00627,10.95
