vm,vs,vw,qm,qs,qw,lmp,lm,npaths,rm,rw,anb
4.34,3.13,4.24,0.000372,0.000342,0.000678,0.696,0.0815,599,0.00514,0.00627,19.0
