vm,vs,vw,qm,qs,qw,lmp,lm,npaths,rm,rw,anb
2.84,3.05,2.1,0.000229,0.000246,0.000242,0.578,0.0815,184,0.00514,0.00672,14.15
