vm,vs,vw,qm,qs,qw,lmp,lm,npaths,rm,rw,anb
7.28,5.79,2.93,0.000573,0.000453,0.000306,0.62,0.0815,259,0.00514,0.00654,27.83
