vm,vs,vw,qm,qs,qw,lmp,lm,npaths,rm,rw,anb
4.69,4.01,3.62,0.000363,0.0003,0.000296,0.695,0.0815,830,0.00514,0.00627,21.54
