vm,vs,vw,qm,qs,qw,lmp,lm,npaths,rm,rw,anb
4.27,3.4,1.72,0.000336,0.000265,0.000179,0.62,0.0815,259,0.00514,0.00654,14.92
