vm,vs,vw,qm,qs,qw,lmp,lm,npaths,rm,rw,anb
9.45,6.81,9.22,0.000809,0.000743,0.00148,0.696,0.0815,599,0.00514,0.00627,37.48
