vm,vs,vw,qm,qs,qw,lmp,lm,npaths,rm,rw,anb
1.29,1.03,0.52,0.000102,8e-05,6.19e-05,0.57,0.0815,154,0.00514,0.00676,5.46
