vm,vs,vw,qm,qs,qw,lmp,lm,npaths,rm,rw,anb
9.29,7.39,3.74,0.000731,0.000577,0.00039,0.62,0.0815,259,0.00514,0.00654,34.85
