vm,vs,vw,qm,qs,qw,lmp,lm,npaths,rm,rw,anb
1.28,0.92,1.25,0.000109,0.000101,0.0002,0.696,0.0815,599,0.00514,0.00627,7.15
