vm,vs,vw,qm,qs,qw,lmp,lm,npaths,rm,rw,anb
1.33,1.06,0.79,0.00011,9.59e-05,8.82e-05,0.633,0.0815,445,0.00514,0.00649,6.34
