vm,vs,vw,qm,qs,qw,lmp,lm,npaths,rm,rw,anb
0.26,0.18,0.11,2.08e-05,1.54e-05,1.49e-05,0.542,0.0815,154,0.00514,0.00692,2.23
