vm,vs,vw,qm,qs,qw,lmp,lm,npaths,rm,rw,anb
4.37,3.48,1.77,0.000346,0.000272,0.00021,0.57,0.0815,154,0.00514,0.00676,14.28
