vm,vs,vw,qm,qs,qw,lmp,lm,npaths,rm,rw,anb
3.32,2.39,3.24,0.000284,0.000261,0.000519,0.696,0.0815,599,0.00514,0.00627,15.35
