vm,vs,vw,qm,qs,qw,lmp,lm,npaths,rm,rw,anb
2.39,1.9,1.42,0.000197,0.000172,0.000159,0.633,0.0815,445,0.00514,0.00649,9.85
