vm,vs,vw,qm,qs,qw,lmp,lm,npaths,rm,rw,anb
5.78,4.15,6.1,0.000513,0.000517,0.00103,0.655,0.0815,401,0.00514,0.00641,25.05
