vm,vs,vw,qm,qs,qw,lmp,lm,npaths,rm,rw,anb
9.81,7.82,5.85,0.00081,0.000708,0.000652,0.633,0.0815,445,0.00514,0.00649,32.19
