vm,vs,vw,qm,qs,qw,lmp,lm,npaths,rm,rw,anb
3.27,2.6,1.31,0.000257,0.000203,0.000137,0.62,0.0815,259,0.00514,0.00654,12.25
