vm,vs,vw,qm,qs,qw,lmp,lm,npaths,rm,rw,anb
8.48,6.76,3.43,0.000672,0.000527,0.000408,0.57,0.0815,154,0.00514,0.00676,25.72
