vm,vs,vw,qm,qs,qw,lmp,lm,npaths,rm,rw,anb
5.79,4.95,4.47,0.000448,0.000371,0.000366,0.695,0.0815,830,0.00514,0.00627,23.37
