vm,vs,vw,qm,qs,qw,lmp,lm,npaths,rm,rw,anb
6.5,4.5,2.72,0.000516,0.000381,0.00037,0.542,0.0815,154,0.00514,0.00692,22.08
