vm,vs,vw,qm,qs,qw,lmp,lm,npaths,rm,rw,anb
9.61,6.65,4.03,0.000763,0.000564,0.000547,0.542,0.0815,154,0.00514,0.00692,28.99
