vm,vs,vw,qm,qs,qw,lmp,lm,npaths,rm,rw,anb
8.07,8.66,5.96,0.000651,0.0007,0.000688,0.578,0.0815,184,0.00514,0.00672,36.51
