vm,vs,vw,qm,qs,qw,lmp,lm,npaths,rm,rw,anb
1.38,1.18,1.07,0.000107,8.84e-05,8.72e-05,0.695,0.0815,830,0.00514,0.00627,6.89
