vm,vs,vw,qm,qs,qw,lmp,lm,npaths,rm,rw,anb
3.34,2.66,1.35,0.000265,0.000208,0.000161,0.57,0.0815,154,0.00514,0.00676,12.05
