vm,vs,vw,qm,qs,qw,lmp,lm,npaths,rm,rw,anb
3.45,2.75,2.06,0.000285,0.000249,0.000229,0.633,0.0815,445,0.00514,0.00649,13.5
