vm,vs,vw,qm,qs,qw,lmp,lm,npaths,rm,rw,anb
7.69,6.13,4.58,0.000635,0.000555,0.000511,0.633,0.0815,445,0.00514,0.00649,25.73
