vm,vs,vw,qm,qs,qw,lmp,lm,npaths,rm,rw,anb
5.4,4.3,2.18,0.000428,0.000335,0.00026,0.57,0.0815,154,0.00514,0.00676,17.92
