vm,vs,vw,qm,qs,qw,lmp,lm,npaths,rm,rw,anb
3.0,2.16,3.17,0.000267,0.000269,0.000537,0.655,0.0815,401,0.00514,0.00641,15.28
