vm,vs,vw,qm,qs,qw,lmp,lm,npaths,rm,rw,anb
1.33,0.94,1.31,0.00011,9.64e-05,0.000212,0.648,0.0815,243,0.00514,0.00644,9.17
