vm,vs,vw,qm,qs,qw,lmp,lm,npaths,rm,rw,anb
21.51,27.23,31.36,0.000774,0.000843,0.00135,0.68,0.0601,272,0.00354,0.00356,75.85
