vm,vs,vw,qm,qs,qw,lmp,lm,npaths,rm,rw,anb
10.9,8.68,15.55,0.000457,0.000495,0.00045,0.466,0.0601,134,0.00354,0.00328,43.7
