vm,vs,vw,qm,qs,qw,lmp,lm,npaths,rm,rw,anb
16.63,13.72,18.89,0.00071,0.000759,0.00055,0.556,0.0601,134,0.00354,0.00347,68.23
