vm,vs,vw,qm,qs,qw,lmp,lm,npaths,rm,rw,anb
22.1,27.21,24.55,0.000799,0.000885,0.000767,0.718,0.0601,345,0.00354,0.00357,97.57
