vm,vs,vw,qm,qs,qw,lmp,lm,npaths,rm,rw,anb
22.49,17.37,31.08,0.000943,0.000874,0.00134,0.651,0.0601,210,0.00354,0.00356,99.16
