vm,vs,vw,qm,qs,qw,lmp,lm,npaths,rm,rw,anb
11.08,14.03,16.16,0.000399,0.000435,0.000694,0.68,0.0601,272,0.00354,0.00356,46.51
