vm,vs,vw,qm,qs,qw,lmp,lm,npaths,rm,rw,anb
18.95,18.56,31.22,0.0008,0.001,0.00134,0.616,0.0601,197,0.00354,0.00355,78.8
