vm,vs,vw,qm,qs,qw,lmp,lm,npaths,rm,rw,anb
0.54,0.51,0.76,2.35e-05,2.82e-05,2.59e-05,0.688,0.0601,229,0.00354,0.00354,5.22
