vm,vs,vw,qm,qs,qw,lmp,lm,npaths,rm,rw,anb
9.62,7.84,12.14,0.000422,0.000489,0.000361,0.513,0.0601,134,0.00354,0.00337,43.73
