vm,vs,vw,qm,qs,qw,lmp,lm,npaths,rm,rw,anb
9.17,8.67,12.88,0.000396,0.000476,0.000436,0.688,0.0601,229,0.00354,0.00354,55.6
