vm,vs,vw,qm,qs,qw,lmp,lm,npaths,rm,rw,anb
19.2,15.3,27.4,0.000805,0.000872,0.000793,0.466,0.0601,134,0.00354,0.00328,74.56
