vm,vs,vw,qm,qs,qw,lmp,lm,npaths,rm,rw,anb
19.96,18.87,28.03,0.000861,0.00104,0.000948,0.688,0.0601,229,0.00354,0.00354,94.14
