vm,vs,vw,qm,qs,qw,lmp,lm,npaths,rm,rw,anb
4.86,4.59,6.82,0.00021,0.000252,0.000231,0.688,0.0601,229,0.00354,0.00354,33.53
