vm,vs,vw,qm,qs,qw,lmp,lm,npaths,rm,rw,anb
2.56,2.51,4.23,0.000108,0.000136,0.000181,0.616,0.0601,197,0.00354,0.00355,15.83
