vm,vs,vw,qm,qs,qw,lmp,lm,npaths,rm,rw,anb
11.33,10.71,15.91,0.000489,0.000588,0.000538,0.688,0.0601,229,0.00354,0.00354,64.23
