vm,vs,vw,qm,qs,qw,lmp,lm,npaths,rm,rw,anb
6.68,6.7,6.04,0.0003,0.000389,0.000186,0.58,0.0601,134,0.00354,0.00346,30.3
