vm,vs,vw,qm,qs,qw,lmp,lm,npaths,rm,rw,anb
0.52,0.42,0.75,2.2e-05,2.38e-05,2.16e-05,0.466,0.0601,134,0.00354,0.00328,4.69
