vm,vs,vw,qm,qs,qw,lmp,lm,npaths,rm,rw,anb
10.16,12.51,11.28,0.000367,0.000407,0.000352,0.718,0.0601,345,0.00354,0.00357,55.22
