vm,vs,vw,qm,qs,qw,lmp,lm,npaths,rm,rw,anb
3.26,4.13,4.76,0.000117,0.000128,0.000204,0.68,0.0601,272,0.00354,0.00356,19.46
