vm,vs,vw,qm,qs,qw,lmp,lm,npaths,rm,rw,anb
0.52,0.51,0.85,2.18e-05,2.73e-05,3.65e-05,0.616,0.0601,197,0.00354,0.00355,5.31
