vm,vs,vw,qm,qs,qw,lmp,lm,npaths,rm,rw,anb
13.69,17.33,19.96,0.000493,0.000537,0.000857,0.68,0.0601,272,0.00354,0.00356,55.83
