vm,vs,vw,qm,qs,qw,lmp,lm,npaths,rm,rw,anb
7.46,6.15,8.47,0.000318,0.00034,0.000247,0.556,0.0601,134,0.00354,0.00347,33.45
