vm,vs,vw,qm,qs,qw,lmp,lm,npaths,rm,rw,anb
24.11,30.53,35.16,0.000868,0.000946,0.00151,0.68,0.0601,272,0.00354,0.00356,83.67
