vm,vs,vw,qm,qs,qw,lmp,lm,npaths,rm,rw,anb
0.6,0.74,0.67,2.18e-05,2.41e-05,2.09e-05,0.718,0.0601,345,0.00354,0.00357,5.18
