vm,vs,vw,qm,qs,qw,lmp,lm,npaths,rm,rw,anb
17.8,16.83,25.0,0.000768,0.000923,0.000846,0.688,0.0601,229,0.00354,0.00354,87.9
