vm,vs,vw,qm,qs,qw,lmp,lm,npaths,rm,rw,anb
14.93,18.39,16.59,0.00054,0.000598,0.000518,0.718,0.0601,345,0.00354,0.00357,74.55
