vm,vs,vw,qm,qs,qw,lmp,lm,npaths,rm,rw,anb
6.71,7.26,3.59,0.000327,0.00048,0.000106,0.638,0.0601,132,0.00354,0.00353,34.03
