vm,vs,vw,qm,qs,qw,lmp,lm,npaths,rm,rw,anb
4.62,4.64,4.18,0.000208,0.00027,0.000129,0.58,0.0601,134,0.00354,0.00346,22.19
