vm,vs,vw,qm,qs,qw,lmp,lm,npaths,rm,rw,anb
14.61,15.81,7.82,0.000713,0.00104,0.000231,0.638,0.0601,132,0.00354,0.00353,68.11
