vm,vs,vw,qm,qs,qw,lmp,lm,npaths,rm,rw,anb
18.9,23.93,27.56,0.00068,0.000741,0.00118,0.68,0.0601,272,0.00354,0.00356,70.7
