vm,vs,vw,qm,qs,qw,lmp,lm,npaths,rm,rw,anb
11.88,9.69,14.99,0.000521,0.000604,0.000446,0.513,0.0601,134,0.00354,0.00337,53.61
