vm,vs,vw,qm,qs,qw,lmp,lm,npaths,rm,rw,anb
8.73,8.76,7.9,0.000393,0.000509,0.000243,0.58,0.0601,134,0.00354,0.00346,37.6
