vm,vs,vw,qm,qs,qw,lmp,lm,npaths,rm,rw,anb
0.4,0.43,0.21,1.94e-05,2.85e-05,6.31e-06,0.638,0.0601,132,0.00354,0.00353,3.64
