vm,vs,vw,qm,qs,qw,lmp,lm,npaths,rm,rw,anb
14.85,14.55,24.47,0.000627,0.000786,0.00105,0.616,0.0601,197,0.00354,0.00355,63.38
