vm,vs,vw,qm,qs,qw,lmp,lm,npaths,rm,rw,anb
11.45,12.39,6.13,0.000558,0.000818,0.000181,0.638,0.0601,132,0.00354,0.00353,54.75
