vm,vs,vw,qm,qs,qw,lmp,lm,npaths,rm,rw,anb
17.04,13.16,23.55,0.000715,0.000662,0.00102,0.651,0.0601,210,0.00354,0.00356,81.98
