vm,vs,vw,qm,qs,qw,lmp,lm,npaths,rm,rw,anb
14.88,14.94,13.47,0.00067,0.000868,0.000415,0.58,0.0601,134,0.00354,0.00346,62.57
