vm,vs,vw,qm,qs,qw,lmp,lm,npaths,rm,rw,anb
19.71,24.27,21.9,0.000713,0.000789,0.000684,0.718,0.0601,345,0.00354,0.00357,86.77
