vm,vs,vw,qm,qs,qw,lmp,lm,npaths,rm,rw,anb
3.41,2.64,4.72,0.000143,0.000133,0.000204,0.651,0.0601,210,0.00354,0.00356,23.02
