vm,vs,vw,qm,qs,qw,lmp,lm,npaths,rm,rw,anb
2.7,2.55,3.79,0.000116,0.00014,0.000128,0.688,0.0601,229,0.00354,0.00354,18.84
