vm,vs,vw,qm,qs,qw,lmp,lm,npaths,rm,rw,anb
0.66,0.83,0.96,2.37e-05,2.58e-05,4.12e-05,0.68,0.0601,272,0.00354,0.00356,6.07
