vm,vs,vw,qm,qs,qw,lmp,lm,npaths,rm,rw,anb
19.77,15.26,27.31,0.000829,0.000768,0.00118,0.651,0.0601,210,0.00354,0.00356,86.41
