vm,vs,vw,qm,qs,qw,lmp,lm,npaths,rm,rw,anb
13.03,14.1,6.98,0.000635,0.000931,0.000206,0.638,0.0601,132,0.00354,0.00353,60.88
