vm,vs,vw,qm,qs,qw,lmp,lm,npaths,rm,rw,anb
5.13,5.56,2.75,0.00025,0.000367,8.13e-05,0.638,0.0601,132,0.00354,0.00353,28.03
