vm,vs,vw,qm,qs,qw,lmp,lm,npaths,rm,rw,anb
2.99,3.68,3.32,0.000108,0.00012,0.000104,0.718,0.0601,345,0.00354,0.00357,19.14
