vm,vs,vw,qm,qs,qw,lmp,lm,npaths,rm,rw,anb
8.83,7.03,12.59,0.00037,0.000401,0.000365,0.466,0.0601,134,0.00354,0.00328,37.62
