vm,vs,vw,qm,qs,qw,lmp,lm,npaths,rm,rw,anb
13.49,12.75,18.94,0.000582,0.0007,0.000641,0.688,0.0601,229,0.00354,0.00354,71.98
