vm,vs,vw,qm,qs,qw,lmp,lm,npaths,rm,rw,anb
6.75,5.38,9.63,0.000283,0.000307,0.000279,0.466,0.0601,134,0.00354,0.00328,29.35
