vm,vs,vw,qm,qs,qw,lmp,lm,npaths,rm,rw,anb
18.99,19.06,17.19,0.000854,0.00111,0.000529,0.58,0.0601,134,0.00354,0.00346,75.82
