vm,vs,vw,qm,qs,qw,lmp,lm,npaths,rm,rw,anb
5.38,6.62,5.98,0.000195,0.000215,0.000187,0.718,0.0601,345,0.00354,0.00357,34.67
