vm,vs,vw,qm,qs,qw,lmp,lm,npaths,rm,rw,anb
14.34,11.83,16.29,0.000612,0.000654,0.000474,0.556,0.0601,134,0.00354,0.00347,59.44
