vm,vs,vw,qm,qs,qw,lmp,lm,npaths,rm,rw,anb
12.8,12.54,21.1,0.000541,0.000677,0.000905,0.616,0.0601,197,0.00354,0.00355,56.85
