vm,vs,vw,qm,qs,qw,lmp,lm,npaths,rm,rw,anb
15.65,14.79,21.97,0.000675,0.000812,0.000743,0.688,0.0601,229,0.00354,0.00354,77.93
