vm,vs,vw,qm,qs,qw,lmp,lm,npaths,rm,rw,anb
4.67,3.72,6.67,0.000196,0.000212,0.000193,0.466,0.0601,134,0.00354,0.00328,22.94
