vm,vs,vw,qm,qs,qw,lmp,lm,npaths,rm,rw,anb
5.09,4.15,6.43,0.000223,0.000259,0.000191,0.513,0.0601,134,0.00354,0.00337,26.29
