vm,vs,vw,qm,qs,qw,lmp,lm,npaths,rm,rw,anb
0.57,0.47,0.72,2.5e-05,2.9e-05,2.14e-05,0.513,0.0601,134,0.00354,0.00337,5.41
