vm,vs,vw,qm,qs,qw,lmp,lm,npaths,rm,rw,anb
8.71,8.53,14.35,0.000368,0.000461,0.000616,0.616,0.0601,197,0.00354,0.00355,42.0
