vm,vs,vw,qm,qs,qw,lmp,lm,npaths,rm,rw,anb
12.05,9.93,13.68,0.000514,0.000549,0.000399,0.556,0.0601,134,0.00354,0.00347,51.87
