vm,vs,vw,qm,qs,qw,lmp,lm,npaths,rm,rw,anb
16.9,16.55,27.84,0.000714,0.000894,0.00119,0.616,0.0601,197,0.00354,0.00355,73.91
