vm,vs,vw,qm,qs,qw,lmp,lm,npaths,rm,rw,anb
5.87,7.43,8.56,0.000211,0.00023,0.000367,0.68,0.0601,272,0.00354,0.00356,27.81
