vm,vs,vw,qm,qs,qw,lmp,lm,npaths,rm,rw,anb
25.22,19.47,34.84,0.00106,0.00098,0.00151,0.651,0.0601,210,0.00354,0.00356,112.56
