vm,vs,vw,qm,qs,qw,lmp,lm,npaths,rm,rw,anb
2.6,2.07,3.71,0.000109,0.000118,0.000107,0.466,0.0601,134,0.00354,0.00328,14.11
