vm,vs,vw,qm,qs,qw,lmp,lm,npaths,rm,rw,anb
16.29,20.63,23.76,0.000587,0.000639,0.00102,0.68,0.0601,272,0.00354,0.00356,62.0
