vm,vs,vw,qm,qs,qw,lmp,lm,npaths,rm,rw,anb
2.83,2.31,3.57,0.000124,0.000144,0.000106,0.513,0.0601,134,0.00354,0.00337,17.02
