vm,vs,vw,qm,qs,qw,lmp,lm,npaths,rm,rw,anb
12.54,15.45,13.94,0.000454,0.000502,0.000435,0.718,0.0601,345,0.00354,0.00357,65.08
