vm,vs,vw,qm,qs,qw,lmp,lm,npaths,rm,rw,anb
17.32,21.33,19.24,0.000626,0.000694,0.000601,0.718,0.0601,345,0.00354,0.00357,78.16
