vm,vs,vw,qm,qs,qw,lmp,lm,npaths,rm,rw,anb
12.83,12.88,11.62,0.000577,0.000749,0.000358,0.58,0.0601,134,0.00354,0.00346,54.72
