vm,vs,vw,qm,qs,qw,lmp,lm,npaths,rm,rw,anb
3.56,3.85,1.9,0.000173,0.000254,5.63e-05,0.638,0.0601,132,0.00354,0.00353,20.53
