vm,vs,vw,qm,qs,qw,lmp,lm,npaths,rm,rw,anb
0.58,0.48,0.66,2.47e-05,2.64e-05,1.91e-05,0.556,0.0601,134,0.00354,0.00347,4.84
