vm,vs,vw,qm,qs,qw,lmp,lm,npaths,rm,rw,anb
1.98,2.14,1.06,9.64e-05,0.000141,3.13e-05,0.638,0.0601,132,0.00354,0.00353,12.96
