vm,vs,vw,qm,qs,qw,lmp,lm,npaths,rm,rw,anb
0.52,0.52,0.47,2.33e-05,3.02e-05,1.44e-05,0.58,0.0601,134,0.00354,0.00346,3.93
