vm,vs,vw,qm,qs,qw,lmp,lm,npaths,rm,rw,anb
8.48,10.73,12.36,0.000305,0.000332,0.00053,0.68,0.0601,272,0.00354,0.00356,39.88
