vm,vs,vw,qm,qs,qw,lmp,lm,npaths,rm,rw,anb
8.86,6.84,12.25,0.000372,0.000345,0.000529,0.651,0.0601,210,0.00354,0.00356,52.8
