vm,vs,vw,qm,qs,qw,lmp,lm,npaths,rm,rw,anb
11.59,8.95,16.01,0.000486,0.000451,0.000692,0.651,0.0601,210,0.00354,0.00356,62.48
