vm,vs,vw,qm,qs,qw,lmp,lm,npaths,rm,rw,anb
6.66,6.52,10.97,0.000281,0.000352,0.000471,0.616,0.0601,197,0.00354,0.00355,33.65
