vm,vs,vw,qm,qs,qw,lmp,lm,npaths,rm,rw,anb
17.13,13.64,24.43,0.000718,0.000778,0.000707,0.466,0.0601,134,0.00354,0.00328,67.04
