vm,vs,vw,qm,qs,qw,lmp,lm,npaths,rm,rw,anb
15.05,11.99,21.47,0.000631,0.000684,0.000622,0.466,0.0601,134,0.00354,0.00328,59.18
