vm,vs,vw,qm,qs,qw,lmp,lm,npaths,rm,rw,anb
21.22,17.5,24.1,0.000905,0.000968,0.000702,0.556,0.0601,134,0.00354,0.00347,83.09
