vm,vs,vw,qm,qs,qw,lmp,lm,npaths,rm,rw,anb
2.87,2.37,3.26,0.000123,0.000131,9.5e-05,0.556,0.0601,134,0.00354,0.00347,15.92
