vm,vs,vw,qm,qs,qw,lmp,lm,npaths,rm,rw,anb
10.76,10.53,17.72,0.000454,0.000569,0.00076,0.616,0.0601,197,0.00354,0.00355,48.14
