vm,vs,vw,qm,qs,qw,lmp,lm,npaths,rm,rw,anb
14.32,11.05,19.78,0.0006,0.000556,0.000855,0.651,0.0601,210,0.00354,0.00356,72.09
