vm,vs,vw,qm,qs,qw,lmp,lm,npaths,rm,rw,anb
9.75,8.04,11.08,0.000416,0.000445,0.000323,0.556,0.0601,134,0.00354,0.00347,42.85
