vm,vs,vw,qm,qs,qw,lmp,lm,npaths,rm,rw,anb
14.14,11.53,17.85,0.00062,0.000719,0.000531,0.513,0.0601,134,0.00354,0.00337,60.96
