vm,vs,vw,qm,qs,qw,lmp,lm,npaths,rm,rw,anb
0.69,0.53,0.95,2.88e-05,2.67e-05,4.11e-05,0.651,0.0601,210,0.00354,0.00356,6.76
