vm,vs,vw,qm,qs,qw,lmp,lm,npaths,rm,rw,anb
12.98,10.34,18.51,0.000544,0.000589,0.000536,0.466,0.0601,134,0.00354,0.00328,52.56
