vm,vs,vw,qm,qs,qw,lmp,lm,npaths,rm,rw,anb
10.78,10.82,9.76,0.000485,0.000629,0.0003,0.58,0.0601,134,0.00354,0.00346,47.47
