vm,vs,vw,qm,qs,qw,lmp,lm,npaths,rm,rw,anb
9.87,10.68,5.29,0.000481,0.000705,0.000156,0.638,0.0601,132,0.00354,0.00353,49.1
