vm,vs,vw,qm,qs,qw,lmp,lm,npaths,rm,rw,anb
5.17,4.26,5.87,0.00022,0.000236,0.000171,0.556,0.0601,134,0.00354,0.00347,24.56
