vm,vs,vw,qm,qs,qw,lmp,lm,npaths,rm,rw,anb
16.94,17.0,15.33,0.000762,0.000988,0.000472,0.58,0.0601,134,0.00354,0.00346,68.3
