vm,vs,vw,qm,qs,qw,lmp,lm,npaths,rm,rw,anb
2.57,2.58,2.33,0.000116,0.00015,7.16e-05,0.58,0.0601,134,0.00354,0.00346,14.11
