vm,vs,vw,qm,qs,qw,lmp,lm,npaths,rm,rw,anb
4.61,4.52,7.6,0.000195,0.000244,0.000326,0.616,0.0601,197,0.00354,0.00355,24.08
