vm,vs,vw,qm,qs,qw,lmp,lm,npaths,rm,rw,anb
7.02,6.63,9.85,0.000303,0.000364,0.000333,0.688,0.0601,229,0.00354,0.00354,42.41
