vm,vs,vw,qm,qs,qw,lmp,lm,npaths,rm,rw,anb
7.35,6.0,9.28,0.000323,0.000374,0.000276,0.513,0.0601,134,0.00354,0.00337,36.72
