vm,vs,vw,qm,qs,qw,lmp,lm,npaths,rm,rw,anb
16.4,13.37,20.7,0.000719,0.000834,0.000616,0.513,0.0601,134,0.00354,0.00337,70.68
