vm,vs,vw,qm,qs,qw,lmp,lm,npaths,rm,rw,anb
7.77,9.57,8.63,0.000281,0.000311,0.000269,0.718,0.0601,345,0.00354,0.00357,44.2
