vm,vs,vw,qm,qs,qw,lmp,lm,npaths,rm,rw,anb
18.93,15.61,21.49,0.000807,0.000863,0.000626,0.556,0.0601,134,0.00354,0.00347,75.92
