vm,vs,vw,qm,qs,qw,lmp,lm,npaths,rm,rw,anb
6.14,4.74,8.48,0.000257,0.000239,0.000367,0.651,0.0601,210,0.00354,0.00356,39.32
