vm,vs,vw,qm,qs,qw,lmp,lm,npaths,rm,rw,anb
8.29,8.97,4.44,0.000404,0.000593,0.000131,0.638,0.0601,132,0.00354,0.00353,40.89
