vm,vs,vw,qm,qs,qw,lmp,lm,npaths,rm,rw,anb
20.92,17.06,26.41,0.000918,0.00106,0.000785,0.513,0.0601,134,0.00354,0.00337,87.08
