vm,vs,vw,qm,qs,qw,lmp,lm,npaths,rm,rw,anb
18.66,15.22,23.56,0.000818,0.000949,0.000701,0.513,0.0601,134,0.00354,0.00337,76.53
