vm,vs,vw,qm,qs,qw,lmp,lm,npaths,rm,rw,anb
0.52,0.43,0.48,2.29e-05,1.93e-05,1.61e-05,0.698,0.053,448,0.00376,0.00336,4.36
