vm,vs,vw,qm,qs,qw,lmp,lm,npaths,rm,rw,anb
2.86,2.26,3.75,0.000123,9.89e-05,0.000139,0.793,0.053,813,0.00376,0.00341,16.52
