vm,vs,vw,qm,qs,qw,lmp,lm,npaths,rm,rw,anb
15.11,10.66,16.47,0.000656,0.000475,0.000626,0.71,0.053,665,0.00376,0.00336,100.96
