vm,vs,vw,qm,qs,qw,lmp,lm,npaths,rm,rw,anb
0.61,0.43,0.66,2.65e-05,1.92e-05,2.53e-05,0.71,0.053,665,0.00376,0.00336,6.77
