vm,vs,vw,qm,qs,qw,lmp,lm,npaths,rm,rw,anb
10.27,7.25,11.2,0.000446,0.000323,0.000426,0.71,0.053,665,0.00376,0.00336,75.77
