vm,vs,vw,qm,qs,qw,lmp,lm,npaths,rm,rw,anb
10.91,8.86,10.07,0.000477,0.000401,0.000334,0.698,0.053,448,0.00376,0.00336,50.14
