vm,vs,vw,qm,qs,qw,lmp,lm,npaths,rm,rw,anb
2.42,2.63,2.72,9.85e-05,0.000101,9.62e-05,0.657,0.053,149,0.00376,0.00337,19.1
