vm,vs,vw,qm,qs,qw,lmp,lm,npaths,rm,rw,anb
5.09,3.19,5.86,0.000227,0.000169,0.000224,0.686,0.053,665,0.00376,0.00336,46.47
