vm,vs,vw,qm,qs,qw,lmp,lm,npaths,rm,rw,anb
10.94,8.97,9.7,0.000486,0.000432,0.000329,0.72,0.053,431,0.00376,0.00338,48.15
