vm,vs,vw,qm,qs,qw,lmp,lm,npaths,rm,rw,anb
18.83,14.9,24.74,0.000809,0.000652,0.000914,0.793,0.053,813,0.00376,0.00341,77.65
