vm,vs,vw,qm,qs,qw,lmp,lm,npaths,rm,rw,anb
16.18,12.95,15.72,0.000713,0.000621,0.000537,0.71,0.053,431,0.00376,0.00337,73.9
