vm,vs,vw,qm,qs,qw,lmp,lm,npaths,rm,rw,anb
0.61,0.44,0.73,2.61e-05,1.88e-05,2.71e-05,0.715,0.053,665,0.00376,0.00337,6.43
