vm,vs,vw,qm,qs,qw,lmp,lm,npaths,rm,rw,anb
0.49,0.53,0.55,1.98e-05,2.04e-05,1.94e-05,0.657,0.053,149,0.00376,0.00337,4.8
