vm,vs,vw,qm,qs,qw,lmp,lm,npaths,rm,rw,anb
18.65,11.69,21.47,0.000832,0.000619,0.00082,0.686,0.053,665,0.00376,0.00336,125.54
