vm,vs,vw,qm,qs,qw,lmp,lm,npaths,rm,rw,anb
2.6,2.11,2.4,0.000114,9.56e-05,7.97e-05,0.698,0.053,448,0.00376,0.00336,14.86
