vm,vs,vw,qm,qs,qw,lmp,lm,npaths,rm,rw,anb
7.35,4.61,8.46,0.000328,0.000244,0.000323,0.686,0.053,665,0.00376,0.00336,61.98
