vm,vs,vw,qm,qs,qw,lmp,lm,npaths,rm,rw,anb
19.28,15.81,17.1,0.000856,0.000761,0.00058,0.72,0.053,431,0.00376,0.00338,79.78
