vm,vs,vw,qm,qs,qw,lmp,lm,npaths,rm,rw,anb
8.34,6.67,8.1,0.000367,0.00032,0.000277,0.71,0.053,431,0.00376,0.00337,43.86
