vm,vs,vw,qm,qs,qw,lmp,lm,npaths,rm,rw,anb
19.23,15.6,17.75,0.00084,0.000706,0.000589,0.698,0.053,448,0.00376,0.00336,81.31
