vm,vs,vw,qm,qs,qw,lmp,lm,npaths,rm,rw,anb
3.02,2.2,3.63,0.000129,9.31e-05,0.000134,0.715,0.053,665,0.00376,0.00337,24.3
