vm,vs,vw,qm,qs,qw,lmp,lm,npaths,rm,rw,anb
20.91,13.11,24.07,0.000933,0.000694,0.000919,0.686,0.053,665,0.00376,0.00336,131.51
