vm,vs,vw,qm,qs,qw,lmp,lm,npaths,rm,rw,anb
2.61,2.14,2.31,0.000116,0.000103,7.85e-05,0.72,0.053,431,0.00376,0.00338,15.58
