vm,vs,vw,qm,qs,qw,lmp,lm,npaths,rm,rw,anb
5.14,4.07,6.75,0.000221,0.000178,0.00025,0.793,0.053,813,0.00376,0.00341,25.59
