vm,vs,vw,qm,qs,qw,lmp,lm,npaths,rm,rw,anb
11.99,9.49,15.75,0.000515,0.000415,0.000582,0.793,0.053,813,0.00376,0.00341,51.92
