vm,vs,vw,qm,qs,qw,lmp,lm,npaths,rm,rw,anb
15.1,11.0,18.15,0.000646,0.000465,0.000671,0.715,0.053,665,0.00376,0.00337,84.71
