vm,vs,vw,qm,qs,qw,lmp,lm,npaths,rm,rw,anb
16.39,10.27,18.86,0.000731,0.000544,0.00072,0.686,0.053,665,0.00376,0.00336,113.09
