vm,vs,vw,qm,qs,qw,lmp,lm,npaths,rm,rw,anb
15.11,12.39,13.4,0.000671,0.000597,0.000455,0.72,0.053,431,0.00376,0.00338,65.71
