vm,vs,vw,qm,qs,qw,lmp,lm,npaths,rm,rw,anb
4.68,3.8,4.32,0.000204,0.000172,0.000143,0.698,0.053,448,0.00376,0.00336,24.29
