vm,vs,vw,qm,qs,qw,lmp,lm,npaths,rm,rw,anb
3.03,2.14,3.3,0.000131,9.51e-05,0.000125,0.71,0.053,665,0.00376,0.00336,33.15
