vm,vs,vw,qm,qs,qw,lmp,lm,npaths,rm,rw,anb
8.84,7.17,8.16,0.000386,0.000325,0.000271,0.698,0.053,448,0.00376,0.00336,42.28
