vm,vs,vw,qm,qs,qw,lmp,lm,npaths,rm,rw,anb
13.03,10.68,11.55,0.000579,0.000514,0.000392,0.72,0.053,431,0.00376,0.00338,54.59
