vm,vs,vw,qm,qs,qw,lmp,lm,npaths,rm,rw,anb
14.22,11.38,13.81,0.000627,0.000546,0.000472,0.71,0.053,431,0.00376,0.00337,66.07
