vm,vs,vw,qm,qs,qw,lmp,lm,npaths,rm,rw,anb
14.27,11.29,18.74,0.000613,0.000494,0.000693,0.793,0.053,813,0.00376,0.00341,61.7
