vm,vs,vw,qm,qs,qw,lmp,lm,npaths,rm,rw,anb
14.04,15.2,15.78,0.00057,0.000587,0.000557,0.657,0.053,149,0.00376,0.00337,77.81
