vm,vs,vw,qm,qs,qw,lmp,lm,npaths,rm,rw,anb
15.98,17.3,17.95,0.000649,0.000668,0.000634,0.657,0.053,149,0.00376,0.00337,84.03
