vm,vs,vw,qm,qs,qw,lmp,lm,npaths,rm,rw,anb
12.26,9.81,11.91,0.00054,0.00047,0.000407,0.71,0.053,431,0.00376,0.00337,58.39
