vm,vs,vw,qm,qs,qw,lmp,lm,npaths,rm,rw,anb
16.55,13.1,21.74,0.000711,0.000573,0.000803,0.793,0.053,813,0.00376,0.00341,69.77
