vm,vs,vw,qm,qs,qw,lmp,lm,npaths,rm,rw,anb
17.91,19.4,20.13,0.000727,0.000749,0.00071,0.657,0.053,149,0.00376,0.00337,92.15
