vm,vs,vw,qm,qs,qw,lmp,lm,npaths,rm,rw,anb
0.49,0.4,0.48,2.18e-05,1.9e-05,1.64e-05,0.71,0.053,431,0.00376,0.00337,4.96
