vm,vs,vw,qm,qs,qw,lmp,lm,npaths,rm,rw,anb
21.12,16.71,27.74,0.000907,0.000731,0.00102,0.793,0.053,813,0.00376,0.00341,87.1
