vm,vs,vw,qm,qs,qw,lmp,lm,npaths,rm,rw,anb
12.69,8.96,13.84,0.000551,0.000399,0.000526,0.71,0.053,665,0.00376,0.00336,105.53
