vm,vs,vw,qm,qs,qw,lmp,lm,npaths,rm,rw,anb
17.52,12.37,19.1,0.000761,0.000551,0.000726,0.71,0.053,665,0.00376,0.00336,125.7
