vm,vs,vw,qm,qs,qw,lmp,lm,npaths,rm,rw,anb
4.36,4.72,4.9,0.000177,0.000182,0.000173,0.657,0.053,149,0.00376,0.00337,29.95
