vm,vs,vw,qm,qs,qw,lmp,lm,npaths,rm,rw,anb
4.69,3.85,4.16,0.000208,0.000185,0.000141,0.72,0.053,431,0.00376,0.00338,24.29
