vm,vs,vw,qm,qs,qw,lmp,lm,npaths,rm,rw,anb
9.71,7.68,12.75,0.000417,0.000336,0.000471,0.793,0.053,813,0.00376,0.00341,42.67
