vm,vs,vw,qm,qs,qw,lmp,lm,npaths,rm,rw,anb
12.99,10.54,11.99,0.000567,0.000477,0.000398,0.698,0.053,448,0.00376,0.00336,58.15
