vm,vs,vw,qm,qs,qw,lmp,lm,npaths,rm,rw,anb
17.19,14.1,15.25,0.000764,0.000679,0.000517,0.72,0.053,431,0.00376,0.00338,70.11
