vm,vs,vw,qm,qs,qw,lmp,lm,npaths,rm,rw,anb
11.87,7.44,13.66,0.00053,0.000394,0.000522,0.686,0.053,665,0.00376,0.00336,86.46
