vm,vs,vw,qm,qs,qw,lmp,lm,npaths,rm,rw,anb
14.13,8.86,16.26,0.000631,0.000469,0.000621,0.686,0.053,665,0.00376,0.00336,96.59
