vm,vs,vw,qm,qs,qw,lmp,lm,npaths,rm,rw,anb
5.44,3.84,5.93,0.000236,0.000171,0.000225,0.71,0.053,665,0.00376,0.00336,44.38
