vm,vs,vw,qm,qs,qw,lmp,lm,npaths,rm,rw,anb
8.86,7.26,7.86,0.000394,0.00035,0.000267,0.72,0.053,431,0.00376,0.00338,41.85
