vm,vs,vw,qm,qs,qw,lmp,lm,npaths,rm,rw,anb
6.76,5.48,6.24,0.000295,0.000248,0.000207,0.698,0.053,448,0.00376,0.00336,31.99
