vm,vs,vw,qm,qs,qw,lmp,lm,npaths,rm,rw,anb
0.58,0.46,0.76,2.47e-05,1.99e-05,2.8e-05,0.793,0.053,813,0.00376,0.00341,4.66
