vm,vs,vw,qm,qs,qw,lmp,lm,npaths,rm,rw,anb
9.61,6.02,11.06,0.000429,0.000319,0.000422,0.686,0.053,665,0.00376,0.00336,77.18
