vm,vs,vw,qm,qs,qw,lmp,lm,npaths,rm,rw,anb
4.42,3.53,4.29,0.000195,0.000169,0.000147,0.71,0.053,431,0.00376,0.00337,27.85
