vm,vs,vw,qm,qs,qw,lmp,lm,npaths,rm,rw,anb
10.17,11.01,11.43,0.000413,0.000425,0.000403,0.657,0.053,149,0.00376,0.00337,62.64
