vm,vs,vw,qm,qs,qw,lmp,lm,npaths,rm,rw,anb
6.78,5.56,6.01,0.000301,0.000268,0.000204,0.72,0.053,431,0.00376,0.00338,33.41
