vm,vs,vw,qm,qs,qw,lmp,lm,npaths,rm,rw,anb
17.52,12.76,21.05,0.000749,0.000539,0.000778,0.715,0.053,665,0.00376,0.00337,97.01
