vm,vs,vw,qm,qs,qw,lmp,lm,npaths,rm,rw,anb
8.23,8.91,9.25,0.000334,0.000344,0.000327,0.657,0.053,149,0.00376,0.00337,51.44
