vm,vs,vw,qm,qs,qw,lmp,lm,npaths,rm,rw,anb
22.36,15.78,24.37,0.000971,0.000703,0.000926,0.71,0.053,665,0.00376,0.00336,146.02
