vm,vs,vw,qm,qs,qw,lmp,lm,npaths,rm,rw,anb
17.15,13.91,15.83,0.000749,0.00063,0.000525,0.698,0.053,448,0.00376,0.00336,74.6
