vm,vs,vw,qm,qs,qw,lmp,lm,npaths,rm,rw,anb
7.42,5.87,9.75,0.000319,0.000257,0.00036,0.793,0.053,813,0.00376,0.00341,33.41
