vm,vs,vw,qm,qs,qw,lmp,lm,npaths,rm,rw,anb
15.07,12.23,13.91,0.000658,0.000554,0.000462,0.698,0.053,448,0.00376,0.00336,65.82
