vm,vs,vw,qm,qs,qw,lmp,lm,npaths,rm,rw,anb
2.83,1.77,3.26,0.000126,9.39e-05,0.000124,0.686,0.053,665,0.00376,0.00336,26.3
