vm,vs,vw,qm,qs,qw,lmp,lm,npaths,rm,rw,anb
0.57,0.36,0.66,2.54e-05,1.89e-05,2.51e-05,0.686,0.053,665,0.00376,0.00336,6.45
