vm,vs,vw,qm,qs,qw,lmp,lm,npaths,rm,rw,anb
10.3,8.24,10.0,0.000454,0.000395,0.000342,0.71,0.053,431,0.00376,0.00337,51.11
