vm,vs,vw,qm,qs,qw,lmp,lm,npaths,rm,rw,anb
6.3,6.82,7.07,0.000256,0.000263,0.00025,0.657,0.053,149,0.00376,0.00337,40.14
