vm,vs,vw,qm,qs,qw,lmp,lm,npaths,rm,rw,anb
12.69,9.24,15.24,0.000543,0.000391,0.000563,0.715,0.053,665,0.00376,0.00337,75.44
