vm,vs,vw,qm,qs,qw,lmp,lm,npaths,rm,rw,anb
19.94,14.07,21.74,0.000866,0.000627,0.000826,0.71,0.053,665,0.00376,0.00336,165.33
