vm,vs,vw,qm,qs,qw,lmp,lm,npaths,rm,rw,anb
18.14,14.52,17.62,0.000799,0.000696,0.000602,0.71,0.053,431,0.00376,0.00337,79.91
