vm,vs,vw,qm,qs,qw,lmp,lm,npaths,rm,rw,anb
7.86,5.55,8.57,0.000341,0.000247,0.000326,0.71,0.053,665,0.00376,0.00336,65.87
