vm,vs,vw,qm,qs,qw,lmp,lm,npaths,rm,rw,anb
19.93,14.52,23.95,0.000853,0.000614,0.000885,0.715,0.053,665,0.00376,0.00337,102.36
