vm,vs,vw,qm,qs,qw,lmp,lm,npaths,rm,rw,anb
12.11,13.11,13.6,0.000492,0.000506,0.00048,0.657,0.053,149,0.00376,0.00337,70.06
