vm,vs,vw,qm,qs,qw,lmp,lm,npaths,rm,rw,anb
10.27,7.48,12.34,0.000439,0.000316,0.000456,0.715,0.053,665,0.00376,0.00337,61.13
