vm,vs,vw,qm,qs,qw,lmp,lm,npaths,rm,rw,anb
6.38,5.1,6.19,0.000281,0.000245,0.000212,0.71,0.053,431,0.00376,0.00337,34.37
