vm,vs,vw,qm,qs,qw,lmp,lm,npaths,rm,rw,anb
0.53,0.43,0.47,2.34e-05,2.08e-05,1.58e-05,0.72,0.053,431,0.00376,0.00338,4.19
