vm,vs,vw,qm,qs,qw,lmp,lm,npaths,rm,rw,anb
22.35,16.28,26.85,0.000956,0.000688,0.000992,0.715,0.053,665,0.00376,0.00337,108.92
