vm,vs,vw,qm,qs,qw,lmp,lm,npaths,rm,rw,anb
2.46,1.97,2.38,0.000108,9.42e-05,8.15e-05,0.71,0.053,431,0.00376,0.00337,16.76
