vm,vs,vw,qm,qs,qw,lmp,lm,npaths,rm,rw,anb
7.86,5.72,9.44,0.000336,0.000242,0.000349,0.715,0.053,665,0.00376,0.00337,52.02
