vm,vs,vw,qm,qs,qw,lmp,lm,npaths,rm,rw,anb
5.44,3.96,6.54,0.000233,0.000167,0.000242,0.715,0.053,665,0.00376,0.00337,38.25
