vm,vs,vw,qm,qs,qw,lmp,lm,npaths,rm,rw,anb
12.22,18.41,13.36,0.000475,0.000454,0.000487,0.43,0.0608,82,0.00402,0.00348,33.82
