vm,vs,vw,qm,qs,qw,lmp,lm,npaths,rm,rw,anb
16.79,20.83,22.22,0.00071,0.000661,0.000696,0.467,0.0608,89,0.00402,0.00352,48.3
