vm,vs,vw,qm,qs,qw,lmp,lm,npaths,rm,rw,anb
3.47,4.16,4.29,0.000154,0.000149,0.000135,0.49,0.0608,89,0.00402,0.00355,26.87
