vm,vs,vw,qm,qs,qw,lmp,lm,npaths,rm,rw,anb
10.73,12.37,8.08,0.000471,0.000487,0.000246,0.443,0.0608,71,0.00402,0.0035,45.23
