vm,vs,vw,qm,qs,qw,lmp,lm,npaths,rm,rw,anb
8.32,11.6,6.85,0.000317,0.000284,0.000269,0.418,0.0608,81,0.00402,0.00346,27.15
