vm,vs,vw,qm,qs,qw,lmp,lm,npaths,rm,rw,anb
8.73,10.84,11.56,0.000369,0.000344,0.000362,0.467,0.0608,89,0.00402,0.00352,29.11
