vm,vs,vw,qm,qs,qw,lmp,lm,npaths,rm,rw,anb
12.99,13.37,9.1,0.000614,0.000645,0.000272,0.446,0.0608,91,0.00402,0.00351,44.32
