vm,vs,vw,qm,qs,qw,lmp,lm,npaths,rm,rw,anb
4.79,4.76,4.63,0.000223,0.000206,0.000132,0.451,0.0608,91,0.00402,0.0035,19.71
