vm,vs,vw,qm,qs,qw,lmp,lm,npaths,rm,rw,anb
25.63,30.76,31.68,0.00114,0.0011,0.001,0.49,0.0608,89,0.00402,0.00355,96.39
