vm,vs,vw,qm,qs,qw,lmp,lm,npaths,rm,rw,anb
0.53,0.45,0.64,2.75e-05,2.73e-05,2.65e-05,0.473,0.0608,109,0.00402,0.00353,5.7
