vm,vs,vw,qm,qs,qw,lmp,lm,npaths,rm,rw,anb
4.72,4.02,5.73,0.000245,0.000244,0.000237,0.473,0.0608,109,0.00402,0.00353,37.61
