vm,vs,vw,qm,qs,qw,lmp,lm,npaths,rm,rw,anb
16.4,21.83,16.72,0.00073,0.000679,0.000579,0.495,0.0608,149,0.00402,0.00356,67.55
