vm,vs,vw,qm,qs,qw,lmp,lm,npaths,rm,rw,anb
0.66,0.88,0.67,2.95e-05,2.74e-05,2.34e-05,0.495,0.0608,149,0.00402,0.00356,6.64
