vm,vs,vw,qm,qs,qw,lmp,lm,npaths,rm,rw,anb
13.3,13.22,12.85,0.000618,0.000572,0.000367,0.451,0.0608,91,0.00402,0.0035,44.24
