vm,vs,vw,qm,qs,qw,lmp,lm,npaths,rm,rw,anb
9.01,10.81,11.14,0.000399,0.000386,0.000351,0.49,0.0608,89,0.00402,0.00355,55.55
