vm,vs,vw,qm,qs,qw,lmp,lm,npaths,rm,rw,anb
6.05,7.5,8.0,0.000256,0.000238,0.000251,0.467,0.0608,89,0.00402,0.00352,22.19
