vm,vs,vw,qm,qs,qw,lmp,lm,npaths,rm,rw,anb
8.53,11.35,8.7,0.00038,0.000353,0.000301,0.495,0.0608,149,0.00402,0.00356,42.53
