vm,vs,vw,qm,qs,qw,lmp,lm,npaths,rm,rw,anb
6.65,7.66,5.0,0.000292,0.000302,0.000152,0.443,0.0608,71,0.00402,0.0035,31.72
