vm,vs,vw,qm,qs,qw,lmp,lm,npaths,rm,rw,anb
9.04,8.99,8.74,0.00042,0.000389,0.000249,0.451,0.0608,91,0.00402,0.0035,32.77
