vm,vs,vw,qm,qs,qw,lmp,lm,npaths,rm,rw,anb
18.91,21.8,14.24,0.00083,0.000858,0.000433,0.443,0.0608,71,0.00402,0.0035,65.22
