vm,vs,vw,qm,qs,qw,lmp,lm,npaths,rm,rw,anb
6.82,5.81,8.28,0.000354,0.000352,0.000342,0.473,0.0608,109,0.00402,0.00353,51.83
