vm,vs,vw,qm,qs,qw,lmp,lm,npaths,rm,rw,anb
6.24,7.49,7.71,0.000276,0.000267,0.000243,0.49,0.0608,89,0.00402,0.00355,47.03
