vm,vs,vw,qm,qs,qw,lmp,lm,npaths,rm,rw,anb
24.84,30.83,32.88,0.00105,0.000978,0.00103,0.467,0.0608,89,0.00402,0.00352,70.53
