vm,vs,vw,qm,qs,qw,lmp,lm,npaths,rm,rw,anb
16.0,22.31,13.16,0.000609,0.000546,0.000517,0.418,0.0608,81,0.00402,0.00346,43.97
