vm,vs,vw,qm,qs,qw,lmp,lm,npaths,rm,rw,anb
21.12,29.45,17.37,0.000803,0.00072,0.000682,0.418,0.0608,81,0.00402,0.00346,56.06
