vm,vs,vw,qm,qs,qw,lmp,lm,npaths,rm,rw,anb
17.3,14.74,21.0,0.000898,0.000894,0.000868,0.473,0.0608,109,0.00402,0.00353,109.12
