vm,vs,vw,qm,qs,qw,lmp,lm,npaths,rm,rw,anb
13.11,11.17,15.91,0.00068,0.000677,0.000657,0.473,0.0608,109,0.00402,0.00353,84.39
