vm,vs,vw,qm,qs,qw,lmp,lm,npaths,rm,rw,anb
5.82,6.0,4.08,0.000275,0.000289,0.000122,0.446,0.0608,91,0.00402,0.00351,23.66
