vm,vs,vw,qm,qs,qw,lmp,lm,npaths,rm,rw,anb
16.87,25.42,18.45,0.000655,0.000627,0.000672,0.43,0.0608,82,0.00402,0.00348,45.87
