vm,vs,vw,qm,qs,qw,lmp,lm,npaths,rm,rw,anb
20.09,24.11,24.83,0.00089,0.000861,0.000784,0.49,0.0608,89,0.00402,0.00355,82.22
