vm,vs,vw,qm,qs,qw,lmp,lm,npaths,rm,rw,anb
11.01,9.38,13.36,0.000571,0.000569,0.000552,0.473,0.0608,109,0.00402,0.00353,76.29
