vm,vs,vw,qm,qs,qw,lmp,lm,npaths,rm,rw,anb
0.59,0.88,0.64,2.28e-05,2.18e-05,2.34e-05,0.43,0.0608,82,0.00402,0.00348,3.04
