vm,vs,vw,qm,qs,qw,lmp,lm,npaths,rm,rw,anb
6.92,6.88,6.68,0.000321,0.000298,0.000191,0.451,0.0608,91,0.00402,0.0035,26.46
