vm,vs,vw,qm,qs,qw,lmp,lm,npaths,rm,rw,anb
19.02,25.32,19.4,0.000847,0.000788,0.000671,0.495,0.0608,149,0.00402,0.00356,76.71
