vm,vs,vw,qm,qs,qw,lmp,lm,npaths,rm,rw,anb
9.89,14.91,10.82,0.000384,0.000368,0.000394,0.43,0.0608,82,0.00402,0.00348,28.81
