vm,vs,vw,qm,qs,qw,lmp,lm,npaths,rm,rw,anb
14.1,17.5,18.67,0.000596,0.000555,0.000585,0.467,0.0608,89,0.00402,0.00352,45.15
