vm,vs,vw,qm,qs,qw,lmp,lm,npaths,rm,rw,anb
7.57,11.4,8.27,0.000294,0.000281,0.000301,0.43,0.0608,82,0.00402,0.00348,22.63
