vm,vs,vw,qm,qs,qw,lmp,lm,npaths,rm,rw,anb
22.86,27.43,28.25,0.00101,0.000979,0.000892,0.49,0.0608,89,0.00402,0.00355,91.03
