vm,vs,vw,qm,qs,qw,lmp,lm,npaths,rm,rw,anb
3.28,4.37,3.35,0.000146,0.000136,0.000116,0.495,0.0608,149,0.00402,0.00356,22.08
