vm,vs,vw,qm,qs,qw,lmp,lm,npaths,rm,rw,anb
15.42,15.34,14.9,0.000717,0.000664,0.000425,0.451,0.0608,91,0.00402,0.0035,48.94
