vm,vs,vw,qm,qs,qw,lmp,lm,npaths,rm,rw,anb
7.62,7.84,5.33,0.00036,0.000378,0.000159,0.446,0.0608,91,0.00402,0.00351,29.75
