vm,vs,vw,qm,qs,qw,lmp,lm,npaths,rm,rw,anb
11.2,11.53,7.84,0.000529,0.000556,0.000234,0.446,0.0608,91,0.00402,0.00351,41.17
