vm,vs,vw,qm,qs,qw,lmp,lm,npaths,rm,rw,anb
5.24,7.9,5.73,0.000204,0.000195,0.000209,0.43,0.0608,82,0.00402,0.00348,17.34
