vm,vs,vw,qm,qs,qw,lmp,lm,npaths,rm,rw,anb
18.56,25.88,15.27,0.000706,0.000633,0.000599,0.418,0.0608,81,0.00402,0.00346,50.7
