vm,vs,vw,qm,qs,qw,lmp,lm,npaths,rm,rw,anb
16.86,19.44,12.7,0.000741,0.000766,0.000387,0.443,0.0608,71,0.00402,0.0035,61.16
