vm,vs,vw,qm,qs,qw,lmp,lm,npaths,rm,rw,anb
5.91,7.86,6.02,0.000263,0.000245,0.000208,0.495,0.0608,149,0.00402,0.00356,35.47
