vm,vs,vw,qm,qs,qw,lmp,lm,npaths,rm,rw,anb
8.69,10.02,6.54,0.000382,0.000395,0.000199,0.443,0.0608,71,0.00402,0.0035,37.98
