vm,vs,vw,qm,qs,qw,lmp,lm,npaths,rm,rw,anb
22.15,27.5,29.33,0.000937,0.000873,0.000919,0.467,0.0608,89,0.00402,0.00352,63.76
