vm,vs,vw,qm,qs,qw,lmp,lm,npaths,rm,rw,anb
2.66,2.65,2.57,0.000124,0.000115,7.35e-05,0.451,0.0608,91,0.00402,0.0035,13.56
