vm,vs,vw,qm,qs,qw,lmp,lm,npaths,rm,rw,anb
2.63,2.24,3.19,0.000136,0.000136,0.000132,0.473,0.0608,109,0.00402,0.00353,21.77
