vm,vs,vw,qm,qs,qw,lmp,lm,npaths,rm,rw,anb
3.36,4.17,4.45,0.000142,0.000132,0.000139,0.467,0.0608,89,0.00402,0.00352,14.52
