vm,vs,vw,qm,qs,qw,lmp,lm,npaths,rm,rw,anb
3.21,4.47,2.64,0.000122,0.000109,0.000103,0.418,0.0608,81,0.00402,0.00346,13.27
