vm,vs,vw,qm,qs,qw,lmp,lm,npaths,rm,rw,anb
19.68,19.57,19.01,0.000915,0.000847,0.000543,0.451,0.0608,91,0.00402,0.0035,60.16
