vm,vs,vw,qm,qs,qw,lmp,lm,npaths,rm,rw,anb
2.91,4.39,3.19,0.000113,0.000108,0.000116,0.43,0.0608,82,0.00402,0.00348,10.74
