vm,vs,vw,qm,qs,qw,lmp,lm,npaths,rm,rw,anb
0.65,0.9,0.53,2.46e-05,2.2e-05,2.09e-05,0.418,0.0608,81,0.00402,0.00346,3.55
