vm,vs,vw,qm,qs,qw,lmp,lm,npaths,rm,rw,anb
19.4,16.53,23.54,0.00101,0.001,0.000973,0.473,0.0608,109,0.00402,0.00353,126.88
