vm,vs,vw,qm,qs,qw,lmp,lm,npaths,rm,rw,anb
11.78,14.14,14.56,0.000522,0.000505,0.000459,0.49,0.0608,89,0.00402,0.00355,59.25
