vm,vs,vw,qm,qs,qw,lmp,lm,npaths,rm,rw,anb
5.76,8.04,4.74,0.000219,0.000197,0.000186,0.418,0.0608,81,0.00402,0.00346,20.84
