vm,vs,vw,qm,qs,qw,lmp,lm,npaths,rm,rw,anb
11.17,11.11,10.79,0.000519,0.000481,0.000308,0.451,0.0608,91,0.00402,0.0035,37.05
