vm,vs,vw,qm,qs,qw,lmp,lm,npaths,rm,rw,anb
9.41,9.69,6.59,0.000444,0.000467,0.000197,0.446,0.0608,91,0.00402,0.00351,36.31
