vm,vs,vw,qm,qs,qw,lmp,lm,npaths,rm,rw,anb
23.68,33.01,19.48,0.000901,0.000807,0.000765,0.418,0.0608,81,0.00402,0.00346,61.6
