vm,vs,vw,qm,qs,qw,lmp,lm,npaths,rm,rw,anb
11.15,14.84,11.37,0.000497,0.000462,0.000394,0.495,0.0608,149,0.00402,0.00356,46.83
