vm,vs,vw,qm,qs,qw,lmp,lm,npaths,rm,rw,anb
21.52,32.43,23.54,0.000836,0.0008,0.000857,0.43,0.0608,82,0.00402,0.00348,55.98
