vm,vs,vw,qm,qs,qw,lmp,lm,npaths,rm,rw,anb
13.44,18.74,11.06,0.000511,0.000458,0.000434,0.418,0.0608,81,0.00402,0.00346,38.64
