vm,vs,vw,qm,qs,qw,lmp,lm,npaths,rm,rw,anb
17.32,20.79,21.41,0.000767,0.000742,0.000676,0.49,0.0608,89,0.00402,0.00355,79.11
