vm,vs,vw,qm,qs,qw,lmp,lm,npaths,rm,rw,anb
11.42,14.17,15.11,0.000483,0.00045,0.000474,0.467,0.0608,89,0.00402,0.00352,37.01
