vm,vs,vw,qm,qs,qw,lmp,lm,npaths,rm,rw,anb
4.03,4.15,2.83,0.000191,0.0002,8.44e-05,0.446,0.0608,91,0.00402,0.00351,17.62
