vm,vs,vw,qm,qs,qw,lmp,lm,npaths,rm,rw,anb
16.57,17.06,11.6,0.000783,0.000823,0.000347,0.446,0.0608,91,0.00402,0.00351,56.39
