vm,vs,vw,qm,qs,qw,lmp,lm,npaths,rm,rw,anb
14.82,17.09,11.16,0.000651,0.000673,0.00034,0.443,0.0608,71,0.00402,0.0035,58.2
