vm,vs,vw,qm,qs,qw,lmp,lm,npaths,rm,rw,anb
14.55,17.46,17.98,0.000644,0.000623,0.000567,0.49,0.0608,89,0.00402,0.00355,69.07
