vm,vs,vw,qm,qs,qw,lmp,lm,npaths,rm,rw,anb
8.92,7.6,10.82,0.000463,0.000461,0.000447,0.473,0.0608,109,0.00402,0.00353,58.37
