vm,vs,vw,qm,qs,qw,lmp,lm,npaths,rm,rw,anb
19.2,28.93,20.99,0.000746,0.000714,0.000765,0.43,0.0608,82,0.00402,0.00348,51.22
