vm,vs,vw,qm,qs,qw,lmp,lm,npaths,rm,rw,anb
15.21,12.96,18.45,0.000789,0.000786,0.000763,0.473,0.0608,109,0.00402,0.00353,102.45
