vm,vs,vw,qm,qs,qw,lmp,lm,npaths,rm,rw,anb
2.56,2.95,1.93,0.000112,0.000116,5.87e-05,0.443,0.0608,71,0.00402,0.0035,15.38
