vm,vs,vw,qm,qs,qw,lmp,lm,npaths,rm,rw,anb
19.47,24.16,25.77,0.000823,0.000767,0.000808,0.467,0.0608,89,0.00402,0.00352,55.98
