vm,vs,vw,qm,qs,qw,lmp,lm,npaths,rm,rw,anb
4.6,5.31,3.47,0.000202,0.000209,0.000106,0.443,0.0608,71,0.00402,0.0035,24.61
