vm,vs,vw,qm,qs,qw,lmp,lm,npaths,rm,rw,anb
10.88,15.17,8.95,0.000414,0.000371,0.000351,0.418,0.0608,81,0.00402,0.00346,35.12
