vm,vs,vw,qm,qs,qw,lmp,lm,npaths,rm,rw,anb
21.65,28.81,22.07,0.000964,0.000896,0.000764,0.495,0.0608,149,0.00402,0.00356,88.89
