vm,vs,vw,qm,qs,qw,lmp,lm,npaths,rm,rw,anb
24.27,32.3,24.75,0.00108,0.001,0.000856,0.495,0.0608,149,0.00402,0.00356,95.85
