vm,vs,vw,qm,qs,qw,lmp,lm,npaths,rm,rw,anb
0.7,0.84,0.86,3.1e-05,2.99e-05,2.73e-05,0.49,0.0608,89,0.00402,0.00355,6.3
