vm,vs,vw,qm,qs,qw,lmp,lm,npaths,rm,rw,anb
13.78,18.33,14.05,0.000613,0.00057,0.000486,0.495,0.0608,149,0.00402,0.00356,62.44
