vm,vs,vw,qm,qs,qw,lmp,lm,npaths,rm,rw,anb
17.55,17.45,16.96,0.000816,0.000756,0.000484,0.451,0.0608,91,0.00402,0.0035,55.81
