vm,vs,vw,qm,qs,qw,lmp,lm,npaths,rm,rw,anb
2.24,2.31,1.57,0.000106,0.000111,4.69e-05,0.446,0.0608,91,0.00402,0.00351,11.69
