vm,vs,vw,qm,qs,qw,lmp,lm,npaths,rm,rw,anb
14.78,15.22,10.35,0.000698,0.000734,0.000309,0.446,0.0608,91,0.00402,0.00351,50.41
