vm,vs,vw,qm,qs,qw,lmp,lm,npaths,rm,rw,anb
14.55,21.92,15.9,0.000565,0.000541,0.000579,0.43,0.0608,82,0.00402,0.00348,39.02
