vm,vs,vw,qm,qs,qw,lmp,lm,npaths,rm,rw,anb
0.45,0.47,0.32,2.14e-05,2.25e-05,9.46e-06,0.446,0.0608,91,0.00402,0.00351,3.32
