vm,vs,vw,qm,qs,qw,lmp,lm,npaths,rm,rw,anb
0.68,0.84,0.9,2.86e-05,2.67e-05,2.81e-05,0.467,0.0608,89,0.00402,0.00352,4.26
