vm,vs,vw,qm,qs,qw,lmp,lm,npaths,rm,rw,anb
12.78,14.73,9.62,0.000561,0.00058,0.000293,0.443,0.0608,71,0.00402,0.0035,50.79
