vm,vs,vw,qm,qs,qw,lmp,lm,npaths,rm,rw,anb
3.28,4.82,5.23,0.000179,0.000185,0.000146,0.584,0.0709,62,0.00536,0.0031,9.65
