vm,vs,vw,qm,qs,qw,lmp,lm,npaths,rm,rw,anb
3.75,4.86,5.38,0.000218,0.000211,0.000164,0.615,0.0709,73,0.00536,0.00319,11.1
