vm,vs,vw,qm,qs,qw,lmp,lm,npaths,rm,rw,anb
5.28,8.7,3.43,0.000737,0.00123,7.38e-05,0.443,0.0709,27,0.00536,0.00319,23.69
