vm,vs,vw,qm,qs,qw,lmp,lm,npaths,rm,rw,anb
6.64,8.71,9.83,0.000374,0.000359,0.000293,0.61,0.0709,73,0.00536,0.00312,12.73
