vm,vs,vw,qm,qs,qw,lmp,lm,npaths,rm,rw,anb
2.04,3.47,2.29,0.000122,0.000157,4.17e-05,0.552,0.0709,37,0.00536,0.00314,6.82
