vm,vs,vw,qm,qs,qw,lmp,lm,npaths,rm,rw,anb
5.3,9.01,5.94,0.000316,0.000407,0.000108,0.552,0.0709,37,0.00536,0.00314,11.51
