vm,vs,vw,qm,qs,qw,lmp,lm,npaths,rm,rw,anb
2.97,5.31,0.72,0.00072,0.0015,1.56e-05,0.464,0.0709,25,0.00536,0.00316,23.24
