vm,vs,vw,qm,qs,qw,lmp,lm,npaths,rm,rw,anb
20.54,31.37,41.75,0.00115,0.00125,0.00126,0.568,0.0709,48,0.00536,0.00314,32.38
