vm,vs,vw,qm,qs,qw,lmp,lm,npaths,rm,rw,anb
0.4,0.72,0.1,9.74e-05,0.000203,2.12e-06,0.464,0.0709,25,0.00536,0.00316,4.8
