vm,vs,vw,qm,qs,qw,lmp,lm,npaths,rm,rw,anb
1.04,1.87,0.25,0.000253,0.000527,5.5e-06,0.464,0.0709,25,0.00536,0.00316,9.71
