vm,vs,vw,qm,qs,qw,lmp,lm,npaths,rm,rw,anb
3.4,6.29,1.2,0.000463,0.000839,2.2e-05,0.448,0.0709,28,0.00536,0.00316,32.27
