vm,vs,vw,qm,qs,qw,lmp,lm,npaths,rm,rw,anb
27.72,35.92,39.73,0.00161,0.00156,0.00121,0.615,0.0709,73,0.00536,0.00319,64.03
