vm,vs,vw,qm,qs,qw,lmp,lm,npaths,rm,rw,anb
13.07,19.97,26.57,0.000733,0.000795,0.000802,0.568,0.0709,48,0.00536,0.00314,21.24
