vm,vs,vw,qm,qs,qw,lmp,lm,npaths,rm,rw,anb
6.75,8.74,9.67,0.000392,0.000379,0.000294,0.615,0.0709,73,0.00536,0.00319,18.63
