vm,vs,vw,qm,qs,qw,lmp,lm,npaths,rm,rw,anb
13.44,22.87,15.07,0.000801,0.00103,0.000275,0.552,0.0709,37,0.00536,0.00314,25.22
