vm,vs,vw,qm,qs,qw,lmp,lm,npaths,rm,rw,anb
5.6,8.56,11.39,0.000315,0.000341,0.000344,0.568,0.0709,48,0.00536,0.00314,11.09
