vm,vs,vw,qm,qs,qw,lmp,lm,npaths,rm,rw,anb
6.92,11.78,7.76,0.000413,0.000532,0.000142,0.552,0.0709,37,0.00536,0.00314,14.69
