vm,vs,vw,qm,qs,qw,lmp,lm,npaths,rm,rw,anb
5.34,9.88,1.89,0.000728,0.00132,3.46e-05,0.448,0.0709,28,0.00536,0.00316,42.63
