vm,vs,vw,qm,qs,qw,lmp,lm,npaths,rm,rw,anb
2.75,5.09,0.97,0.000375,0.000679,1.78e-05,0.448,0.0709,28,0.00536,0.00316,24.47
