vm,vs,vw,qm,qs,qw,lmp,lm,npaths,rm,rw,anb
10.18,17.33,11.42,0.000607,0.000783,0.000208,0.552,0.0709,37,0.00536,0.00314,20.12
