vm,vs,vw,qm,qs,qw,lmp,lm,npaths,rm,rw,anb
15.74,20.39,22.55,0.000914,0.000885,0.000687,0.615,0.0709,73,0.00536,0.00319,44.74
