vm,vs,vw,qm,qs,qw,lmp,lm,npaths,rm,rw,anb
8.78,12.68,13.89,0.000469,0.000511,0.000388,0.575,0.0709,62,0.00536,0.00309,13.08
