vm,vs,vw,qm,qs,qw,lmp,lm,npaths,rm,rw,anb
0.16,0.3,0.06,2.23e-05,4.03e-05,1.06e-06,0.448,0.0709,28,0.00536,0.00316,2.37
