vm,vs,vw,qm,qs,qw,lmp,lm,npaths,rm,rw,anb
4.55,7.5,2.96,0.000635,0.00106,6.36e-05,0.443,0.0709,27,0.00536,0.00319,19.28
