vm,vs,vw,qm,qs,qw,lmp,lm,npaths,rm,rw,anb
0.74,0.98,1.1,4.19e-05,4.03e-05,3.28e-05,0.61,0.0709,73,0.00536,0.00312,2.54
