vm,vs,vw,qm,qs,qw,lmp,lm,npaths,rm,rw,anb
15.56,23.77,31.63,0.000873,0.000946,0.000954,0.568,0.0709,48,0.00536,0.00314,24.0
