vm,vs,vw,qm,qs,qw,lmp,lm,npaths,rm,rw,anb
3.69,4.84,5.47,0.000208,0.0002,0.000163,0.61,0.0709,73,0.00536,0.00312,8.28
