vm,vs,vw,qm,qs,qw,lmp,lm,npaths,rm,rw,anb
3.67,6.24,4.11,0.000219,0.000282,7.5e-05,0.552,0.0709,37,0.00536,0.00314,9.2
