vm,vs,vw,qm,qs,qw,lmp,lm,npaths,rm,rw,anb
2.77,7.27,3.79,0.000388,0.000745,0.000156,0.539,0.0709,47,0.00536,0.00313,13.1
