vm,vs,vw,qm,qs,qw,lmp,lm,npaths,rm,rw,anb
27.27,35.78,40.39,0.00154,0.00148,0.0012,0.61,0.0709,73,0.00536,0.00312,42.95
