vm,vs,vw,qm,qs,qw,lmp,lm,npaths,rm,rw,anb
3.12,4.76,6.34,0.000175,0.00019,0.000191,0.568,0.0709,48,0.00536,0.00314,6.45
