vm,vs,vw,qm,qs,qw,lmp,lm,npaths,rm,rw,anb
24.97,36.09,39.52,0.00133,0.00145,0.0011,0.575,0.0709,62,0.00536,0.00309,33.47
