vm,vs,vw,qm,qs,qw,lmp,lm,npaths,rm,rw,anb
8.09,12.36,16.45,0.000454,0.000492,0.000496,0.568,0.0709,48,0.00536,0.00314,15.02
