vm,vs,vw,qm,qs,qw,lmp,lm,npaths,rm,rw,anb
21.61,31.76,34.46,0.00118,0.00122,0.000961,0.584,0.0709,62,0.00536,0.0031,37.25
