vm,vs,vw,qm,qs,qw,lmp,lm,npaths,rm,rw,anb
21.73,28.16,31.14,0.00126,0.00122,0.000948,0.615,0.0709,73,0.00536,0.00319,56.59
