vm,vs,vw,qm,qs,qw,lmp,lm,npaths,rm,rw,anb
16.87,24.39,26.71,0.000901,0.000982,0.000746,0.575,0.0709,62,0.00536,0.00309,23.34
