vm,vs,vw,qm,qs,qw,lmp,lm,npaths,rm,rw,anb
11.13,16.36,17.76,0.000609,0.000627,0.000495,0.584,0.0709,62,0.00536,0.0031,24.35
