vm,vs,vw,qm,qs,qw,lmp,lm,npaths,rm,rw,anb
2.12,5.56,2.9,0.000296,0.00057,0.000119,0.539,0.0709,47,0.00536,0.00313,10.58
