vm,vs,vw,qm,qs,qw,lmp,lm,npaths,rm,rw,anb
6.08,8.78,9.62,0.000325,0.000354,0.000269,0.575,0.0709,62,0.00536,0.00309,9.29
