vm,vs,vw,qm,qs,qw,lmp,lm,npaths,rm,rw,anb
6.73,11.1,4.38,0.00094,0.00156,9.41e-05,0.443,0.0709,27,0.00536,0.00319,27.57
