vm,vs,vw,qm,qs,qw,lmp,lm,npaths,rm,rw,anb
11.48,16.59,18.17,0.000613,0.000668,0.000507,0.575,0.0709,62,0.00536,0.00309,16.81
