vm,vs,vw,qm,qs,qw,lmp,lm,npaths,rm,rw,anb
6.02,15.81,8.24,0.000843,0.00162,0.00034,0.539,0.0709,47,0.00536,0.00313,25.09
