vm,vs,vw,qm,qs,qw,lmp,lm,npaths,rm,rw,anb
3.82,6.3,2.48,0.000533,0.000888,5.34e-05,0.443,0.0709,27,0.00536,0.00319,19.01
