vm,vs,vw,qm,qs,qw,lmp,lm,npaths,rm,rw,anb
1.36,2.44,0.33,0.000331,0.000688,7.19e-06,0.464,0.0709,25,0.00536,0.00316,12.35
