vm,vs,vw,qm,qs,qw,lmp,lm,npaths,rm,rw,anb
0.68,0.98,1.08,3.64e-05,3.96e-05,3.01e-05,0.575,0.0709,62,0.00536,0.00309,1.78
