vm,vs,vw,qm,qs,qw,lmp,lm,npaths,rm,rw,anb
1.64,2.7,1.07,0.000229,0.000381,2.29e-05,0.443,0.0709,27,0.00536,0.00319,11.49
