vm,vs,vw,qm,qs,qw,lmp,lm,npaths,rm,rw,anb
0.16,0.43,0.22,2.3e-05,4.42e-05,9.27e-06,0.539,0.0709,47,0.00536,0.00313,1.5
