vm,vs,vw,qm,qs,qw,lmp,lm,npaths,rm,rw,anb
13.75,20.21,21.94,0.000752,0.000774,0.000612,0.584,0.0709,62,0.00536,0.0031,29.02
