vm,vs,vw,qm,qs,qw,lmp,lm,npaths,rm,rw,anb
19.57,28.29,30.98,0.00105,0.00114,0.000865,0.575,0.0709,62,0.00536,0.00309,27.89
