vm,vs,vw,qm,qs,qw,lmp,lm,npaths,rm,rw,anb
1.46,2.7,0.52,0.000199,0.00036,9.45e-06,0.448,0.0709,28,0.00536,0.00316,15.03
