vm,vs,vw,qm,qs,qw,lmp,lm,npaths,rm,rw,anb
24.23,35.6,38.64,0.00132,0.00136,0.00108,0.584,0.0709,62,0.00536,0.0031,44.35
