vm,vs,vw,qm,qs,qw,lmp,lm,npaths,rm,rw,anb
2.65,4.74,0.64,0.000642,0.00134,1.4e-05,0.464,0.0709,25,0.00536,0.00316,21.41
