vm,vs,vw,qm,qs,qw,lmp,lm,npaths,rm,rw,anb
24.32,31.91,36.03,0.00137,0.00132,0.00107,0.61,0.0709,73,0.00536,0.00312,38.15
