vm,vs,vw,qm,qs,qw,lmp,lm,npaths,rm,rw,anb
2.33,4.16,0.56,0.000564,0.00117,1.23e-05,0.464,0.0709,25,0.00536,0.00316,18.05
