vm,vs,vw,qm,qs,qw,lmp,lm,npaths,rm,rw,anb
18.99,27.91,30.29,0.00104,0.00107,0.000844,0.584,0.0709,62,0.00536,0.0031,33.55
