vm,vs,vw,qm,qs,qw,lmp,lm,npaths,rm,rw,anb
0.76,0.98,1.08,4.39e-05,4.25e-05,3.3e-05,0.615,0.0709,73,0.00536,0.00319,2.96
