vm,vs,vw,qm,qs,qw,lmp,lm,npaths,rm,rw,anb
12.53,16.44,18.56,0.000706,0.000679,0.000553,0.61,0.0709,73,0.00536,0.00312,23.21
