vm,vs,vw,qm,qs,qw,lmp,lm,npaths,rm,rw,anb
23.02,35.17,46.81,0.00129,0.0014,0.00141,0.568,0.0709,48,0.00536,0.00314,34.59
