vm,vs,vw,qm,qs,qw,lmp,lm,npaths,rm,rw,anb
21.38,28.04,31.66,0.0012,0.00116,0.000944,0.61,0.0709,73,0.00536,0.00312,33.44
