vm,vs,vw,qm,qs,qw,lmp,lm,npaths,rm,rw,anb
9.59,12.58,14.2,0.00054,0.000519,0.000423,0.61,0.0709,73,0.00536,0.00312,17.74
