vm,vs,vw,qm,qs,qw,lmp,lm,npaths,rm,rw,anb
9.74,12.63,13.96,0.000566,0.000548,0.000425,0.615,0.0709,73,0.00536,0.00319,27.08
