vm,vs,vw,qm,qs,qw,lmp,lm,npaths,rm,rw,anb
12.74,16.51,18.26,0.00074,0.000716,0.000556,0.615,0.0709,73,0.00536,0.00319,35.3
