vm,vs,vw,qm,qs,qw,lmp,lm,npaths,rm,rw,anb
15.07,25.64,16.9,0.000898,0.00116,0.000308,0.552,0.0709,37,0.00536,0.00314,28.01
