vm,vs,vw,qm,qs,qw,lmp,lm,npaths,rm,rw,anb
4.07,10.68,5.57,0.00057,0.0011,0.00023,0.539,0.0709,47,0.00536,0.00313,17.18
