vm,vs,vw,qm,qs,qw,lmp,lm,npaths,rm,rw,anb
18.05,27.57,36.69,0.00101,0.0011,0.00111,0.568,0.0709,48,0.00536,0.00314,28.23
