vm,vs,vw,qm,qs,qw,lmp,lm,npaths,rm,rw,anb
3.09,5.1,2.01,0.000432,0.000719,4.33e-05,0.443,0.0709,27,0.00536,0.00319,15.31
