vm,vs,vw,qm,qs,qw,lmp,lm,npaths,rm,rw,anb
5.37,14.1,7.35,0.000752,0.00145,0.000303,0.539,0.0709,47,0.00536,0.00313,21.56
