vm,vs,vw,qm,qs,qw,lmp,lm,npaths,rm,rw,anb
3.38,4.88,5.35,0.000181,0.000197,0.000149,0.575,0.0709,62,0.00536,0.00309,5.69
