vm,vs,vw,qm,qs,qw,lmp,lm,npaths,rm,rw,anb
11.81,20.1,13.24,0.000704,0.000908,0.000241,0.552,0.0709,37,0.00536,0.00314,21.93
