vm,vs,vw,qm,qs,qw,lmp,lm,npaths,rm,rw,anb
6.01,9.9,3.9,0.000838,0.0014,8.39e-05,0.443,0.0709,27,0.00536,0.00319,27.23
