vm,vs,vw,qm,qs,qw,lmp,lm,npaths,rm,rw,anb
5.99,11.08,2.12,0.000816,0.00148,3.88e-05,0.448,0.0709,28,0.00536,0.00316,47.35
