vm,vs,vw,qm,qs,qw,lmp,lm,npaths,rm,rw,anb
0.91,1.5,0.59,0.000127,0.000212,1.27e-05,0.443,0.0709,27,0.00536,0.00319,7.39
