vm,vs,vw,qm,qs,qw,lmp,lm,npaths,rm,rw,anb
15.48,20.31,22.93,0.000873,0.000838,0.000683,0.61,0.0709,73,0.00536,0.00312,26.7
