vm,vs,vw,qm,qs,qw,lmp,lm,npaths,rm,rw,anb
16.37,24.06,26.11,0.000895,0.000921,0.000728,0.584,0.0709,62,0.00536,0.0031,32.23
