vm,vs,vw,qm,qs,qw,lmp,lm,npaths,rm,rw,anb
0.63,0.96,1.28,3.52e-05,3.82e-05,3.85e-05,0.568,0.0709,48,0.00536,0.00314,1.85
