vm,vs,vw,qm,qs,qw,lmp,lm,npaths,rm,rw,anb
4.72,12.39,6.46,0.000661,0.00127,0.000266,0.539,0.0709,47,0.00536,0.00313,19.46
