vm,vs,vw,qm,qs,qw,lmp,lm,npaths,rm,rw,anb
0.41,0.7,0.46,2.45e-05,3.16e-05,8.4e-06,0.552,0.0709,37,0.00536,0.00314,2.03
