vm,vs,vw,qm,qs,qw,lmp,lm,npaths,rm,rw,anb
0.81,1.5,0.29,0.00011,0.0002,5.25e-06,0.448,0.0709,28,0.00536,0.00316,8.34
