vm,vs,vw,qm,qs,qw,lmp,lm,npaths,rm,rw,anb
8.52,12.52,13.58,0.000466,0.000479,0.000379,0.584,0.0709,62,0.00536,0.0031,21.65
