vm,vs,vw,qm,qs,qw,lmp,lm,npaths,rm,rw,anb
1.68,3.02,0.41,0.000408,0.00085,8.88e-06,0.464,0.0709,25,0.00536,0.00316,14.41
