vm,vs,vw,qm,qs,qw,lmp,lm,npaths,rm,rw,anb
22.27,32.19,35.25,0.00119,0.0013,0.000984,0.575,0.0709,62,0.00536,0.00309,31.22
