vm,vs,vw,qm,qs,qw,lmp,lm,npaths,rm,rw,anb
1.47,3.85,2.01,0.000205,0.000395,8.27e-05,0.539,0.0709,47,0.00536,0.00313,7.6
