vm,vs,vw,qm,qs,qw,lmp,lm,npaths,rm,rw,anb
8.55,14.56,9.59,0.00051,0.000657,0.000175,0.552,0.0709,37,0.00536,0.00314,17.32
