vm,vs,vw,qm,qs,qw,lmp,lm,npaths,rm,rw,anb
2.01,3.59,0.49,0.000486,0.00101,1.06e-05,0.464,0.0709,25,0.00536,0.00316,17.02
