vm,vs,vw,qm,qs,qw,lmp,lm,npaths,rm,rw,anb
0.18,0.3,0.12,2.56e-05,4.27e-05,2.57e-06,0.443,0.0709,27,0.00536,0.00319,2.32
