vm,vs,vw,qm,qs,qw,lmp,lm,npaths,rm,rw,anb
0.72,1.29,0.18,0.000175,0.000365,3.81e-06,0.464,0.0709,25,0.00536,0.00316,8.05
