vm,vs,vw,qm,qs,qw,lmp,lm,npaths,rm,rw,anb
10.58,16.16,21.51,0.000594,0.000644,0.000649,0.568,0.0709,48,0.00536,0.00314,18.37
