vm,vs,vw,qm,qs,qw,lmp,lm,npaths,rm,rw,anb
14.17,20.49,22.44,0.000757,0.000825,0.000626,0.575,0.0709,62,0.00536,0.00309,20.02
