vm,vs,vw,qm,qs,qw,lmp,lm,npaths,rm,rw,anb
18.73,24.27,26.85,0.00109,0.00105,0.000817,0.615,0.0709,73,0.00536,0.00319,50.17
