vm,vs,vw,qm,qs,qw,lmp,lm,npaths,rm,rw,anb
4.04,7.49,1.43,0.000551,0.000999,2.62e-05,0.448,0.0709,28,0.00536,0.00316,35.42
