vm,vs,vw,qm,qs,qw,lmp,lm,npaths,rm,rw,anb
0.08,0.14,0.02,1.96e-05,4.09e-05,4.27e-07,0.464,0.0709,25,0.00536,0.00316,1.5
