vm,vs,vw,qm,qs,qw,lmp,lm,npaths,rm,rw,anb
18.43,24.18,27.3,0.00104,0.000998,0.000813,0.61,0.0709,73,0.00536,0.00312,30.97
