vm,vs,vw,qm,qs,qw,lmp,lm,npaths,rm,rw,anb
0.81,2.14,1.12,0.000114,0.000219,4.6e-05,0.539,0.0709,47,0.00536,0.00313,4.78
