vm,vs,vw,qm,qs,qw,lmp,lm,npaths,rm,rw,anb
5.9,8.67,9.41,0.000322,0.000332,0.000262,0.584,0.0709,62,0.00536,0.0031,16.16
