vm,vs,vw,qm,qs,qw,lmp,lm,npaths,rm,rw,anb
4.69,8.68,1.66,0.00064,0.00116,3.04e-05,0.448,0.0709,28,0.00536,0.00316,36.74
