vm,vs,vw,qm,qs,qw,lmp,lm,npaths,rm,rw,anb
3.42,8.98,4.68,0.000479,0.00092,0.000193,0.539,0.0709,47,0.00536,0.00313,15.32
