vm,vs,vw,qm,qs,qw,lmp,lm,npaths,rm,rw,anb
2.1,3.89,0.74,0.000287,0.00052,1.36e-05,0.448,0.0709,28,0.00536,0.00316,20.44
