vm,vs,vw,qm,qs,qw,lmp,lm,npaths,rm,rw,anb
2.37,3.9,1.54,0.00033,0.00055,3.31e-05,0.443,0.0709,27,0.00536,0.00319,13.11
