vm,vs,vw,qm,qs,qw,lmp,lm,npaths,rm,rw,anb
24.73,32.04,35.43,0.00144,0.00139,0.00108,0.615,0.0709,73,0.00536,0.00319,59.48
