vm,vs,vw,qm,qs,qw,lmp,lm,npaths,rm,rw,anb
10.19,11.39,8.49,0.000678,0.000734,0.00039,0.48,0.0555,258,0.00459,0.00332,50.84
