vm,vs,vw,qm,qs,qw,lmp,lm,npaths,rm,rw,anb
7.6,7.52,5.08,0.000464,0.000397,0.000204,0.455,0.0555,206,0.00459,0.00329,32.37
