vm,vs,vw,qm,qs,qw,lmp,lm,npaths,rm,rw,anb
13.95,13.26,16.62,0.000749,0.000535,0.000622,0.48,0.0555,762,0.00459,0.00332,62.81
