vm,vs,vw,qm,qs,qw,lmp,lm,npaths,rm,rw,anb
4.21,3.6,4.64,0.000309,0.000313,0.00018,0.457,0.0555,516,0.00459,0.0033,37.37
