vm,vs,vw,qm,qs,qw,lmp,lm,npaths,rm,rw,anb
3.65,3.1,3.79,0.000208,0.000167,0.000147,0.476,0.0555,659,0.00459,0.00331,25.25
