vm,vs,vw,qm,qs,qw,lmp,lm,npaths,rm,rw,anb
5.2,4.44,5.74,0.000382,0.000386,0.000222,0.457,0.0555,516,0.00459,0.0033,43.24
