vm,vs,vw,qm,qs,qw,lmp,lm,npaths,rm,rw,anb
8.15,8.74,11.59,0.000499,0.000443,0.000411,0.464,0.0555,602,0.00459,0.0033,38.7
