vm,vs,vw,qm,qs,qw,lmp,lm,npaths,rm,rw,anb
8.88,8.44,10.58,0.000477,0.000341,0.000396,0.48,0.0555,762,0.00459,0.00332,43.06
