vm,vs,vw,qm,qs,qw,lmp,lm,npaths,rm,rw,anb
13.38,11.36,13.89,0.000761,0.00061,0.00054,0.476,0.0555,659,0.00459,0.00331,48.93
