vm,vs,vw,qm,qs,qw,lmp,lm,npaths,rm,rw,anb
6.41,6.83,4.73,0.000416,0.000405,0.000192,0.465,0.0555,258,0.00459,0.0033,30.09
