vm,vs,vw,qm,qs,qw,lmp,lm,npaths,rm,rw,anb
2.23,1.9,2.46,0.000164,0.000166,9.51e-05,0.457,0.0555,516,0.00459,0.0033,22.31
