vm,vs,vw,qm,qs,qw,lmp,lm,npaths,rm,rw,anb
7.38,8.25,6.15,0.000491,0.000531,0.000283,0.48,0.0555,258,0.00459,0.00332,39.13
