vm,vs,vw,qm,qs,qw,lmp,lm,npaths,rm,rw,anb
3.97,4.23,2.93,0.000258,0.000251,0.000119,0.465,0.0555,258,0.00459,0.0033,21.82
