vm,vs,vw,qm,qs,qw,lmp,lm,npaths,rm,rw,anb
0.36,0.36,0.24,2.23e-05,1.91e-05,9.78e-06,0.455,0.0555,206,0.00459,0.00329,4.23
