vm,vs,vw,qm,qs,qw,lmp,lm,npaths,rm,rw,anb
4.57,5.11,3.81,0.000304,0.000329,0.000175,0.48,0.0555,258,0.00459,0.00332,29.59
