vm,vs,vw,qm,qs,qw,lmp,lm,npaths,rm,rw,anb
5.98,6.68,4.98,0.000398,0.00043,0.000229,0.48,0.0555,258,0.00459,0.00332,34.22
