vm,vs,vw,qm,qs,qw,lmp,lm,npaths,rm,rw,anb
1.47,1.54,1.67,9.13e-05,9.77e-05,6.28e-05,0.468,0.0555,210,0.00459,0.00337,9.9
