vm,vs,vw,qm,qs,qw,lmp,lm,npaths,rm,rw,anb
10.49,10.38,7.02,0.00064,0.000549,0.000281,0.455,0.0555,206,0.00459,0.00329,41.08
