vm,vs,vw,qm,qs,qw,lmp,lm,npaths,rm,rw,anb
5.27,4.48,5.48,0.0003,0.000241,0.000213,0.476,0.0555,659,0.00459,0.00331,30.27
