vm,vs,vw,qm,qs,qw,lmp,lm,npaths,rm,rw,anb
12.26,11.66,14.61,0.000658,0.00047,0.000547,0.48,0.0555,762,0.00459,0.00332,59.52
