vm,vs,vw,qm,qs,qw,lmp,lm,npaths,rm,rw,anb
10.57,10.05,12.6,0.000568,0.000405,0.000472,0.48,0.0555,762,0.00459,0.00332,52.91
