vm,vs,vw,qm,qs,qw,lmp,lm,npaths,rm,rw,anb
11.94,11.81,7.99,0.000729,0.000624,0.00032,0.455,0.0555,206,0.00459,0.00329,46.31
