vm,vs,vw,qm,qs,qw,lmp,lm,npaths,rm,rw,anb
3.26,3.22,2.18,0.000199,0.00017,8.73e-05,0.455,0.0555,206,0.00459,0.00329,18.73
