vm,vs,vw,qm,qs,qw,lmp,lm,npaths,rm,rw,anb
2.94,3.15,4.18,0.00018,0.000159,0.000148,0.464,0.0555,602,0.00459,0.0033,18.76
