vm,vs,vw,qm,qs,qw,lmp,lm,npaths,rm,rw,anb
1.81,1.79,1.21,0.000111,9.47e-05,4.85e-05,0.455,0.0555,206,0.00459,0.00329,12.51
