vm,vs,vw,qm,qs,qw,lmp,lm,npaths,rm,rw,anb
11.76,9.99,12.21,0.000669,0.000536,0.000474,0.476,0.0555,659,0.00459,0.00331,59.25
