vm,vs,vw,qm,qs,qw,lmp,lm,npaths,rm,rw,anb
0.3,0.31,0.34,1.84e-05,1.97e-05,1.27e-05,0.468,0.0555,210,0.00459,0.00337,2.84
