vm,vs,vw,qm,qs,qw,lmp,lm,npaths,rm,rw,anb
6.89,5.86,7.16,0.000392,0.000315,0.000278,0.476,0.0555,659,0.00459,0.00331,38.63
