vm,vs,vw,qm,qs,qw,lmp,lm,npaths,rm,rw,anb
8.51,7.23,8.84,0.000485,0.000388,0.000344,0.476,0.0555,659,0.00459,0.00331,30.65
