vm,vs,vw,qm,qs,qw,lmp,lm,npaths,rm,rw,anb
2.12,2.01,2.52,0.000114,8.12e-05,9.44e-05,0.48,0.0555,762,0.00459,0.00332,12.69
