vm,vs,vw,qm,qs,qw,lmp,lm,npaths,rm,rw,anb
1.76,1.97,1.47,0.000117,0.000127,6.74e-05,0.48,0.0555,258,0.00459,0.00332,13.56
