vm,vs,vw,qm,qs,qw,lmp,lm,npaths,rm,rw,anb
11.29,12.03,8.33,0.000733,0.000713,0.000338,0.465,0.0555,258,0.00459,0.0033,48.98
