vm,vs,vw,qm,qs,qw,lmp,lm,npaths,rm,rw,anb
7.19,6.83,8.57,0.000386,0.000276,0.000321,0.48,0.0555,762,0.00459,0.00332,36.31
