vm,vs,vw,qm,qs,qw,lmp,lm,npaths,rm,rw,anb
2.45,2.36,2.79,0.000173,0.000213,0.000101,0.416,0.0555,141,0.00459,0.00325,23.99
