vm,vs,vw,qm,qs,qw,lmp,lm,npaths,rm,rw,anb
8.79,9.82,7.32,0.000584,0.000632,0.000336,0.48,0.0555,258,0.00459,0.00332,45.0
