vm,vs,vw,qm,qs,qw,lmp,lm,npaths,rm,rw,anb
3.54,3.4,4.03,0.000251,0.000307,0.000146,0.416,0.0555,141,0.00459,0.00325,32.69
