vm,vs,vw,qm,qs,qw,lmp,lm,npaths,rm,rw,anb
9.45,10.14,13.45,0.000579,0.000514,0.000476,0.464,0.0555,602,0.00459,0.0033,41.53
