vm,vs,vw,qm,qs,qw,lmp,lm,npaths,rm,rw,anb
10.07,9.68,11.46,0.000713,0.000874,0.000415,0.416,0.0555,141,0.00459,0.00325,69.64
