vm,vs,vw,qm,qs,qw,lmp,lm,npaths,rm,rw,anb
7.33,7.69,8.33,0.000456,0.000488,0.000313,0.468,0.0555,210,0.00459,0.00337,33.57
