vm,vs,vw,qm,qs,qw,lmp,lm,npaths,rm,rw,anb
5.54,5.94,7.89,0.00034,0.000301,0.000279,0.464,0.0555,602,0.00459,0.0033,29.71
