vm,vs,vw,qm,qs,qw,lmp,lm,npaths,rm,rw,anb
15.64,14.87,18.64,0.00084,0.0006,0.000698,0.48,0.0555,762,0.00459,0.00332,69.11
