vm,vs,vw,qm,qs,qw,lmp,lm,npaths,rm,rw,anb
7.63,8.13,5.63,0.000496,0.000482,0.000228,0.465,0.0555,258,0.00459,0.0033,34.86
