vm,vs,vw,qm,qs,qw,lmp,lm,npaths,rm,rw,anb
10.85,11.38,12.33,0.000675,0.000722,0.000464,0.468,0.0555,210,0.00459,0.00337,46.08
