vm,vs,vw,qm,qs,qw,lmp,lm,npaths,rm,rw,anb
2.75,2.93,2.03,0.000179,0.000174,8.23e-05,0.465,0.0555,258,0.00459,0.0033,17.77
