vm,vs,vw,qm,qs,qw,lmp,lm,npaths,rm,rw,anb
4.7,4.66,3.15,0.000287,0.000246,0.000126,0.455,0.0555,206,0.00459,0.00329,23.59
