vm,vs,vw,qm,qs,qw,lmp,lm,npaths,rm,rw,anb
0.27,0.26,0.31,1.94e-05,2.38e-05,1.13e-05,0.416,0.0555,141,0.00459,0.00325,4.24
