vm,vs,vw,qm,qs,qw,lmp,lm,npaths,rm,rw,anb
0.35,0.4,0.3,2.36e-05,2.55e-05,1.36e-05,0.48,0.0555,258,0.00459,0.00332,3.85
