vm,vs,vw,qm,qs,qw,lmp,lm,npaths,rm,rw,anb
3.22,2.75,3.55,0.000236,0.000239,0.000137,0.457,0.0555,516,0.00459,0.0033,27.16
