vm,vs,vw,qm,qs,qw,lmp,lm,npaths,rm,rw,anb
5.5,5.23,6.55,0.000295,0.000211,0.000245,0.48,0.0555,762,0.00459,0.00332,30.73
