vm,vs,vw,qm,qs,qw,lmp,lm,npaths,rm,rw,anb
4.24,4.55,6.03,0.00026,0.00023,0.000214,0.464,0.0555,602,0.00459,0.0033,25.32
