vm,vs,vw,qm,qs,qw,lmp,lm,npaths,rm,rw,anb
6.15,6.09,4.12,0.000376,0.000322,0.000165,0.455,0.0555,206,0.00459,0.00329,26.93
