vm,vs,vw,qm,qs,qw,lmp,lm,npaths,rm,rw,anb
4.98,5.23,5.67,0.00031,0.000332,0.000213,0.468,0.0555,210,0.00459,0.00337,25.07
