vm,vs,vw,qm,qs,qw,lmp,lm,npaths,rm,rw,anb
9.67,10.15,11.0,0.000602,0.000644,0.000414,0.468,0.0555,210,0.00459,0.00337,41.4
