vm,vs,vw,qm,qs,qw,lmp,lm,npaths,rm,rw,anb
3.16,3.54,2.64,0.000211,0.000228,0.000121,0.48,0.0555,258,0.00459,0.00332,21.66
