vm,vs,vw,qm,qs,qw,lmp,lm,npaths,rm,rw,anb
8.98,8.63,10.22,0.000636,0.00078,0.00037,0.416,0.0555,141,0.00459,0.00325,64.65
