vm,vs,vw,qm,qs,qw,lmp,lm,npaths,rm,rw,anb
13.38,13.25,8.96,0.000817,0.0007,0.000358,0.455,0.0555,206,0.00459,0.00329,49.74
