vm,vs,vw,qm,qs,qw,lmp,lm,npaths,rm,rw,anb
6.16,6.46,7.0,0.000383,0.00041,0.000263,0.468,0.0555,210,0.00459,0.00337,30.75
