vm,vs,vw,qm,qs,qw,lmp,lm,npaths,rm,rw,anb
3.81,3.62,4.54,0.000204,0.000146,0.00017,0.48,0.0555,762,0.00459,0.00332,21.68
