vm,vs,vw,qm,qs,qw,lmp,lm,npaths,rm,rw,anb
1.36,1.31,1.55,9.65e-05,0.000118,5.62e-05,0.416,0.0555,141,0.00459,0.00325,14.47
