vm,vs,vw,qm,qs,qw,lmp,lm,npaths,rm,rw,anb
2.03,1.72,2.11,0.000116,9.26e-05,8.19e-05,0.476,0.0555,659,0.00459,0.00331,9.72
