vm,vs,vw,qm,qs,qw,lmp,lm,npaths,rm,rw,anb
15.0,12.74,15.58,0.000854,0.000684,0.000605,0.476,0.0555,659,0.00459,0.00331,53.03
