vm,vs,vw,qm,qs,qw,lmp,lm,npaths,rm,rw,anb
9.15,7.83,10.11,0.000672,0.00068,0.000391,0.457,0.0555,516,0.00459,0.0033,70.72
