vm,vs,vw,qm,qs,qw,lmp,lm,npaths,rm,rw,anb
8.16,6.98,9.01,0.000599,0.000607,0.000349,0.457,0.0555,516,0.00459,0.0033,64.61
