vm,vs,vw,qm,qs,qw,lmp,lm,npaths,rm,rw,anb
2.64,2.77,3.0,0.000164,0.000176,0.000113,0.468,0.0555,210,0.00459,0.00337,15.85
