vm,vs,vw,qm,qs,qw,lmp,lm,npaths,rm,rw,anb
10.76,11.54,15.3,0.000659,0.000584,0.000542,0.464,0.0555,602,0.00459,0.0033,46.66
