vm,vs,vw,qm,qs,qw,lmp,lm,npaths,rm,rw,anb
5.19,5.53,3.83,0.000337,0.000328,0.000155,0.465,0.0555,258,0.00459,0.0033,26.78
