vm,vs,vw,qm,qs,qw,lmp,lm,npaths,rm,rw,anb
10.07,10.73,7.43,0.000654,0.000636,0.000301,0.465,0.0555,258,0.00459,0.0033,43.3
