vm,vs,vw,qm,qs,qw,lmp,lm,npaths,rm,rw,anb
6.19,5.29,6.83,0.000454,0.00046,0.000264,0.457,0.0555,516,0.00459,0.0033,51.03
