vm,vs,vw,qm,qs,qw,lmp,lm,npaths,rm,rw,anb
0.43,0.41,0.51,2.29e-05,1.64e-05,1.9e-05,0.48,0.0555,762,0.00459,0.00332,3.11
