vm,vs,vw,qm,qs,qw,lmp,lm,npaths,rm,rw,anb
6.85,7.34,9.74,0.000419,0.000372,0.000345,0.464,0.0555,602,0.00459,0.0033,34.06
