vm,vs,vw,qm,qs,qw,lmp,lm,npaths,rm,rw,anb
12.06,12.93,17.16,0.000739,0.000655,0.000608,0.464,0.0555,602,0.00459,0.0033,49.84
