vm,vs,vw,qm,qs,qw,lmp,lm,npaths,rm,rw,anb
4.63,4.45,5.27,0.000328,0.000402,0.000191,0.416,0.0555,141,0.00459,0.00325,39.34
