vm,vs,vw,qm,qs,qw,lmp,lm,npaths,rm,rw,anb
9.04,8.95,6.05,0.000552,0.000473,0.000242,0.455,0.0555,206,0.00459,0.00329,36.85
