vm,vs,vw,qm,qs,qw,lmp,lm,npaths,rm,rw,anb
7.17,6.13,7.92,0.000527,0.000533,0.000306,0.457,0.0555,516,0.00459,0.0033,53.47
