vm,vs,vw,qm,qs,qw,lmp,lm,npaths,rm,rw,anb
5.71,5.49,6.5,0.000405,0.000496,0.000236,0.416,0.0555,141,0.00459,0.00325,47.98
