vm,vs,vw,qm,qs,qw,lmp,lm,npaths,rm,rw,anb
13.0,14.53,10.83,0.000865,0.000936,0.000498,0.48,0.0555,258,0.00459,0.00332,62.13
