vm,vs,vw,qm,qs,qw,lmp,lm,npaths,rm,rw,anb
6.8,6.54,7.74,0.000482,0.000591,0.00028,0.416,0.0555,141,0.00459,0.00325,53.43
