vm,vs,vw,qm,qs,qw,lmp,lm,npaths,rm,rw,anb
3.81,4.0,4.33,0.000237,0.000254,0.000163,0.468,0.0555,210,0.00459,0.00337,20.9
