vm,vs,vw,qm,qs,qw,lmp,lm,npaths,rm,rw,anb
10.14,8.61,10.53,0.000577,0.000462,0.000409,0.476,0.0555,659,0.00459,0.00331,50.07
