vm,vs,vw,qm,qs,qw,lmp,lm,npaths,rm,rw,anb
0.41,0.35,0.42,2.33e-05,1.87e-05,1.65e-05,0.476,0.0555,659,0.00459,0.00331,2.85
