vm,vs,vw,qm,qs,qw,lmp,lm,npaths,rm,rw,anb
7.89,7.59,8.98,0.000559,0.000685,0.000325,0.416,0.0555,141,0.00459,0.00325,58.44
