vm,vs,vw,qm,qs,qw,lmp,lm,npaths,rm,rw,anb
8.85,9.43,6.53,0.000575,0.000559,0.000265,0.465,0.0555,258,0.00459,0.0033,39.39
