vm,vs,vw,qm,qs,qw,lmp,lm,npaths,rm,rw,anb
8.5,8.92,9.66,0.000529,0.000566,0.000364,0.468,0.0555,210,0.00459,0.00337,36.52
