vm,vs,vw,qm,qs,qw,lmp,lm,npaths,rm,rw,anb
11.6,12.96,9.66,0.000771,0.000835,0.000444,0.48,0.0555,258,0.00459,0.00332,51.86
