vm,vs,vw,qm,qs,qw,lmp,lm,npaths,rm,rw,anb
11.3,10.87,14.05,0.000419,0.000344,0.000473,0.418,0.0451,86,0.00364,0.00321,87.74
