vm,vs,vw,qm,qs,qw,lmp,lm,npaths,rm,rw,anb
25.66,21.19,20.28,0.00112,0.000833,0.000827,0.564,0.0451,516,0.00364,0.00322,125.07
