vm,vs,vw,qm,qs,qw,lmp,lm,npaths,rm,rw,anb
11.56,11.27,8.49,0.00046,0.000377,0.000303,0.576,0.0451,586,0.00364,0.00323,93.13
