vm,vs,vw,qm,qs,qw,lmp,lm,npaths,rm,rw,anb
14.02,11.55,12.9,0.000586,0.000427,0.000513,0.419,0.0451,147,0.00364,0.0032,108.61
