vm,vs,vw,qm,qs,qw,lmp,lm,npaths,rm,rw,anb
5.94,5.48,4.91,0.000247,0.000174,0.000204,0.516,0.0451,445,0.00364,0.0032,40.23
