vm,vs,vw,qm,qs,qw,lmp,lm,npaths,rm,rw,anb
8.1,6.2,5.88,0.000363,0.000306,0.000211,0.458,0.0451,180,0.00364,0.00319,52.0
