vm,vs,vw,qm,qs,qw,lmp,lm,npaths,rm,rw,anb
20.11,16.61,15.9,0.000876,0.000653,0.000649,0.564,0.0451,516,0.00364,0.00322,100.03
