vm,vs,vw,qm,qs,qw,lmp,lm,npaths,rm,rw,anb
19.28,18.53,23.96,0.000715,0.000586,0.000806,0.418,0.0451,86,0.00364,0.00321,146.98
