vm,vs,vw,qm,qs,qw,lmp,lm,npaths,rm,rw,anb
21.76,20.09,18.0,0.000906,0.000637,0.000748,0.516,0.0451,445,0.00364,0.0032,109.12
