vm,vs,vw,qm,qs,qw,lmp,lm,npaths,rm,rw,anb
3.3,3.05,2.73,0.000137,9.67e-05,0.000114,0.516,0.0451,445,0.00364,0.0032,26.31
