vm,vs,vw,qm,qs,qw,lmp,lm,npaths,rm,rw,anb
6.25,5.16,4.94,0.000272,0.000203,0.000201,0.564,0.0451,516,0.00364,0.00322,35.46
