vm,vs,vw,qm,qs,qw,lmp,lm,npaths,rm,rw,anb
5.72,5.41,3.76,0.00024,0.000227,0.000116,0.417,0.0451,107,0.00364,0.00321,31.84
