vm,vs,vw,qm,qs,qw,lmp,lm,npaths,rm,rw,anb
14.28,13.92,10.49,0.000568,0.000466,0.000375,0.576,0.0451,586,0.00364,0.00323,114.81
