vm,vs,vw,qm,qs,qw,lmp,lm,npaths,rm,rw,anb
17.34,14.32,13.7,0.000755,0.000563,0.000559,0.564,0.0451,516,0.00364,0.00322,87.37
