vm,vs,vw,qm,qs,qw,lmp,lm,npaths,rm,rw,anb
3.12,2.39,2.26,0.00014,0.000118,8.12e-05,0.458,0.0451,180,0.00364,0.00319,22.06
