vm,vs,vw,qm,qs,qw,lmp,lm,npaths,rm,rw,anb
3.06,2.95,2.18,0.000126,0.000115,6.9e-05,0.379,0.0451,107,0.00364,0.00323,25.97
