vm,vs,vw,qm,qs,qw,lmp,lm,npaths,rm,rw,anb
24.59,23.64,30.56,0.000912,0.000748,0.00103,0.418,0.0451,86,0.00364,0.00321,178.42
