vm,vs,vw,qm,qs,qw,lmp,lm,npaths,rm,rw,anb
16.49,15.22,13.64,0.000686,0.000483,0.000567,0.516,0.0451,445,0.00364,0.0032,85.15
