vm,vs,vw,qm,qs,qw,lmp,lm,npaths,rm,rw,anb
17.71,17.07,12.62,0.000728,0.000667,0.000399,0.379,0.0451,107,0.00364,0.00323,93.85
