vm,vs,vw,qm,qs,qw,lmp,lm,npaths,rm,rw,anb
15.26,14.72,10.88,0.000627,0.000575,0.000344,0.379,0.0451,107,0.00364,0.00323,84.36
