vm,vs,vw,qm,qs,qw,lmp,lm,npaths,rm,rw,anb
13.96,13.42,17.35,0.000518,0.000424,0.000584,0.418,0.0451,86,0.00364,0.00321,104.75
