vm,vs,vw,qm,qs,qw,lmp,lm,npaths,rm,rw,anb
0.67,0.64,0.83,2.49e-05,2.04e-05,2.8e-05,0.418,0.0451,86,0.00364,0.00321,7.78
