vm,vs,vw,qm,qs,qw,lmp,lm,npaths,rm,rw,anb
6.01,4.95,5.53,0.000251,0.000183,0.00022,0.419,0.0451,147,0.00364,0.0032,57.21
