vm,vs,vw,qm,qs,qw,lmp,lm,npaths,rm,rw,anb
0.62,0.59,0.44,2.53e-05,2.32e-05,1.39e-05,0.379,0.0451,107,0.00364,0.00323,7.16
