vm,vs,vw,qm,qs,qw,lmp,lm,npaths,rm,rw,anb
8.84,8.62,6.49,0.000352,0.000288,0.000232,0.576,0.0451,586,0.00364,0.00323,70.43
