vm,vs,vw,qm,qs,qw,lmp,lm,npaths,rm,rw,anb
5.5,5.3,3.92,0.000226,0.000207,0.000124,0.379,0.0451,107,0.00364,0.00323,38.69
