vm,vs,vw,qm,qs,qw,lmp,lm,npaths,rm,rw,anb
3.47,2.87,2.74,0.000151,0.000113,0.000112,0.564,0.0451,516,0.00364,0.00322,22.22
