vm,vs,vw,qm,qs,qw,lmp,lm,npaths,rm,rw,anb
24.7,20.35,22.73,0.00103,0.000752,0.000904,0.419,0.0451,147,0.00364,0.0032,185.25
