vm,vs,vw,qm,qs,qw,lmp,lm,npaths,rm,rw,anb
15.57,11.92,11.3,0.000697,0.000588,0.000405,0.458,0.0451,180,0.00364,0.00319,81.62
