vm,vs,vw,qm,qs,qw,lmp,lm,npaths,rm,rw,anb
0.69,0.67,0.5,2.73e-05,2.24e-05,1.8e-05,0.576,0.0451,586,0.00364,0.00323,9.54
