vm,vs,vw,qm,qs,qw,lmp,lm,npaths,rm,rw,anb
10.38,10.01,7.4,0.000427,0.000391,0.000234,0.379,0.0451,107,0.00364,0.00323,63.19
