vm,vs,vw,qm,qs,qw,lmp,lm,npaths,rm,rw,anb
10.79,10.21,7.11,0.000454,0.000428,0.000219,0.417,0.0451,107,0.00364,0.00321,54.85
