vm,vs,vw,qm,qs,qw,lmp,lm,npaths,rm,rw,anb
0.64,0.61,0.42,2.69e-05,2.54e-05,1.3e-05,0.417,0.0451,107,0.00364,0.00321,5.7
