vm,vs,vw,qm,qs,qw,lmp,lm,npaths,rm,rw,anb
15.87,15.02,10.45,0.000668,0.00063,0.000322,0.417,0.0451,107,0.00364,0.00321,77.15
