vm,vs,vw,qm,qs,qw,lmp,lm,npaths,rm,rw,anb
10.59,8.1,7.69,0.000474,0.0004,0.000276,0.458,0.0451,180,0.00364,0.00319,57.34
