vm,vs,vw,qm,qs,qw,lmp,lm,npaths,rm,rw,anb
18.41,17.42,12.12,0.000774,0.00073,0.000374,0.417,0.0451,107,0.00364,0.00321,86.9
