vm,vs,vw,qm,qs,qw,lmp,lm,npaths,rm,rw,anb
8.64,8.31,10.74,0.000321,0.000263,0.000361,0.418,0.0451,86,0.00364,0.00321,75.31
