vm,vs,vw,qm,qs,qw,lmp,lm,npaths,rm,rw,anb
19.36,15.95,17.82,0.000808,0.00059,0.000709,0.419,0.0451,147,0.00364,0.0032,144.53
