vm,vs,vw,qm,qs,qw,lmp,lm,npaths,rm,rw,anb
18.06,13.82,13.11,0.000809,0.000682,0.00047,0.458,0.0451,180,0.00364,0.00319,91.91
