vm,vs,vw,qm,qs,qw,lmp,lm,npaths,rm,rw,anb
5.61,4.29,4.07,0.000251,0.000212,0.000146,0.458,0.0451,180,0.00364,0.00319,36.02
