vm,vs,vw,qm,qs,qw,lmp,lm,npaths,rm,rw,anb
11.35,9.35,10.45,0.000474,0.000346,0.000416,0.419,0.0451,147,0.00364,0.0032,94.99
