vm,vs,vw,qm,qs,qw,lmp,lm,npaths,rm,rw,anb
16.99,16.57,12.48,0.000677,0.000554,0.000446,0.576,0.0451,586,0.00364,0.00323,116.9
