vm,vs,vw,qm,qs,qw,lmp,lm,npaths,rm,rw,anb
24.4,22.52,20.18,0.00102,0.000715,0.000839,0.516,0.0451,445,0.00364,0.0032,119.73
