vm,vs,vw,qm,qs,qw,lmp,lm,npaths,rm,rw,anb
9.02,7.45,7.13,0.000393,0.000293,0.000291,0.564,0.0451,516,0.00364,0.00322,50.09
