vm,vs,vw,qm,qs,qw,lmp,lm,npaths,rm,rw,anb
0.7,0.58,0.55,3.05e-05,2.27e-05,2.26e-05,0.564,0.0451,516,0.00364,0.00322,6.67
