vm,vs,vw,qm,qs,qw,lmp,lm,npaths,rm,rw,anb
21.94,21.09,27.26,0.000814,0.000667,0.000917,0.418,0.0451,86,0.00364,0.00321,154.37
