vm,vs,vw,qm,qs,qw,lmp,lm,npaths,rm,rw,anb
0.63,0.48,0.46,2.81e-05,2.37e-05,1.64e-05,0.458,0.0451,180,0.00364,0.00319,6.38
