vm,vs,vw,qm,qs,qw,lmp,lm,npaths,rm,rw,anb
22.03,18.15,20.27,0.00092,0.000671,0.000807,0.419,0.0451,147,0.00364,0.0032,171.65
