vm,vs,vw,qm,qs,qw,lmp,lm,npaths,rm,rw,anb
12.82,12.36,9.14,0.000527,0.000483,0.000289,0.379,0.0451,107,0.00364,0.00323,73.31
