vm,vs,vw,qm,qs,qw,lmp,lm,npaths,rm,rw,anb
7.94,7.66,5.66,0.000326,0.000299,0.000179,0.379,0.0451,107,0.00364,0.00323,52.25
