vm,vs,vw,qm,qs,qw,lmp,lm,npaths,rm,rw,anb
20.94,19.82,13.79,0.000881,0.000831,0.000425,0.417,0.0451,107,0.00364,0.00321,98.93
