vm,vs,vw,qm,qs,qw,lmp,lm,npaths,rm,rw,anb
3.4,3.32,2.5,0.000136,0.000111,8.93e-05,0.576,0.0451,586,0.00364,0.00323,34.72
