vm,vs,vw,qm,qs,qw,lmp,lm,npaths,rm,rw,anb
20.56,15.73,14.92,0.00092,0.000776,0.000535,0.458,0.0451,180,0.00364,0.00319,105.37
