vm,vs,vw,qm,qs,qw,lmp,lm,npaths,rm,rw,anb
22.43,21.87,16.47,0.000893,0.000732,0.000589,0.576,0.0451,586,0.00364,0.00323,163.78
