vm,vs,vw,qm,qs,qw,lmp,lm,npaths,rm,rw,anb
19.13,17.65,15.82,0.000796,0.00056,0.000658,0.516,0.0451,445,0.00364,0.0032,96.45
