vm,vs,vw,qm,qs,qw,lmp,lm,npaths,rm,rw,anb
23.48,22.23,15.47,0.000988,0.000932,0.000477,0.417,0.0451,107,0.00364,0.00321,110.03
