vm,vs,vw,qm,qs,qw,lmp,lm,npaths,rm,rw,anb
22.59,21.78,16.1,0.000929,0.000852,0.000509,0.379,0.0451,107,0.00364,0.00323,114.92
