vm,vs,vw,qm,qs,qw,lmp,lm,npaths,rm,rw,anb
23.05,17.63,16.73,0.00103,0.00087,0.0006,0.458,0.0451,180,0.00364,0.00319,121.56
