vm,vs,vw,qm,qs,qw,lmp,lm,npaths,rm,rw,anb
8.68,7.15,7.99,0.000363,0.000264,0.000318,0.419,0.0451,147,0.00364,0.0032,75.16
