vm,vs,vw,qm,qs,qw,lmp,lm,npaths,rm,rw,anb
16.62,15.98,20.65,0.000616,0.000505,0.000695,0.418,0.0451,86,0.00364,0.00321,134.07
