vm,vs,vw,qm,qs,qw,lmp,lm,npaths,rm,rw,anb
11.79,9.74,9.32,0.000514,0.000383,0.00038,0.564,0.0451,516,0.00364,0.00322,62.52
