vm,vs,vw,qm,qs,qw,lmp,lm,npaths,rm,rw,anb
13.33,12.62,8.78,0.000561,0.000529,0.000271,0.417,0.0451,107,0.00364,0.00321,65.98
