vm,vs,vw,qm,qs,qw,lmp,lm,npaths,rm,rw,anb
22.89,18.9,18.09,0.000997,0.000743,0.000738,0.564,0.0451,516,0.00364,0.00322,110.85
