vm,vs,vw,qm,qs,qw,lmp,lm,npaths,rm,rw,anb
3.18,3.01,2.09,0.000134,0.000126,6.45e-05,0.417,0.0451,107,0.00364,0.00321,19.94
