vm,vs,vw,qm,qs,qw,lmp,lm,npaths,rm,rw,anb
6.12,5.97,4.5,0.000244,0.0002,0.000161,0.576,0.0451,586,0.00364,0.00323,53.04
