vm,vs,vw,qm,qs,qw,lmp,lm,npaths,rm,rw,anb
20.15,19.42,14.36,0.000828,0.000759,0.000454,0.379,0.0451,107,0.00364,0.00323,104.88
