vm,vs,vw,qm,qs,qw,lmp,lm,npaths,rm,rw,anb
13.85,12.79,11.45,0.000576,0.000406,0.000476,0.516,0.0451,445,0.00364,0.0032,73.74
