vm,vs,vw,qm,qs,qw,lmp,lm,npaths,rm,rw,anb
3.33,3.2,4.14,0.000123,0.000101,0.000139,0.418,0.0451,86,0.00364,0.00321,32.51
