vm,vs,vw,qm,qs,qw,lmp,lm,npaths,rm,rw,anb
8.25,7.81,5.44,0.000347,0.000328,0.000168,0.417,0.0451,107,0.00364,0.00321,41.91
