vm,vs,vw,qm,qs,qw,lmp,lm,npaths,rm,rw,anb
8.58,7.92,7.09,0.000357,0.000251,0.000295,0.516,0.0451,445,0.00364,0.0032,48.62
