vm,vs,vw,qm,qs,qw,lmp,lm,npaths,rm,rw,anb
11.21,10.35,9.27,0.000467,0.000328,0.000386,0.516,0.0451,445,0.00364,0.0032,63.92
