vm,vs,vw,qm,qs,qw,lmp,lm,npaths,rm,rw,anb
19.71,19.22,14.48,0.000785,0.000643,0.000517,0.576,0.0451,586,0.00364,0.00323,145.43
