vm,vs,vw,qm,qs,qw,lmp,lm,npaths,rm,rw,anb
3.34,2.75,3.08,0.00014,0.000102,0.000122,0.419,0.0451,147,0.00364,0.0032,36.48
