vm,vs,vw,qm,qs,qw,lmp,lm,npaths,rm,rw,anb
16.69,13.75,15.36,0.000697,0.000508,0.000611,0.419,0.0451,147,0.00364,0.0032,128.7
