vm,vs,vw,qm,qs,qw,lmp,lm,npaths,rm,rw,anb
25.15,24.52,18.47,0.001,0.00082,0.00066,0.576,0.0451,586,0.00364,0.00323,176.14
