vm,vs,vw,qm,qs,qw,lmp,lm,npaths,rm,rw,anb
13.08,10.01,9.5,0.000586,0.000494,0.00034,0.458,0.0451,180,0.00364,0.00319,70.14
