vm,vs,vw,qm,qs,qw,lmp,lm,npaths,rm,rw,anb
14.57,12.03,11.51,0.000635,0.000473,0.00047,0.564,0.0451,516,0.00364,0.00322,74.29
