vm,vs,vw,qm,qs,qw,lmp,lm,npaths,rm,rw,anb
5.99,5.76,7.44,0.000222,0.000182,0.00025,0.418,0.0451,86,0.00364,0.00321,53.51
