vm,vs,vw,qm,qs,qw,lmp,lm,npaths,rm,rw,anb
5.43,5.04,5.63,0.000171,0.00015,0.000131,0.579,0.0612,64,0.00337,0.00302,25.35
