vm,vs,vw,qm,qs,qw,lmp,lm,npaths,rm,rw,anb
20.29,21.04,20.98,0.000629,0.000564,0.000484,0.584,0.0612,76,0.00337,0.00301,60.8
