vm,vs,vw,qm,qs,qw,lmp,lm,npaths,rm,rw,anb
31.88,33.06,32.96,0.000988,0.000887,0.00076,0.584,0.0612,76,0.00337,0.00301,86.03
