vm,vs,vw,qm,qs,qw,lmp,lm,npaths,rm,rw,anb
6.21,7.2,7.87,0.000178,0.00016,0.000167,0.655,0.0612,201,0.00337,0.00297,23.41
