vm,vs,vw,qm,qs,qw,lmp,lm,npaths,rm,rw,anb
8.54,10.21,1.0,0.000292,0.000334,1.99e-05,0.497,0.0612,25,0.00337,0.00312,34.74
