vm,vs,vw,qm,qs,qw,lmp,lm,npaths,rm,rw,anb
29.11,39.36,9.33,0.000822,0.000829,0.000161,0.52,0.0612,29,0.00337,0.00309,73.8
