vm,vs,vw,qm,qs,qw,lmp,lm,npaths,rm,rw,anb
22.05,29.82,7.07,0.000622,0.000628,0.000122,0.52,0.0612,29,0.00337,0.00309,57.7
