vm,vs,vw,qm,qs,qw,lmp,lm,npaths,rm,rw,anb
27.12,25.18,28.09,0.000854,0.000748,0.000654,0.579,0.0612,64,0.00337,0.00302,73.59
