vm,vs,vw,qm,qs,qw,lmp,lm,npaths,rm,rw,anb
1.25,1.45,1.59,3.59e-05,3.22e-05,3.36e-05,0.655,0.0612,201,0.00337,0.00297,6.23
