vm,vs,vw,qm,qs,qw,lmp,lm,npaths,rm,rw,anb
11.16,12.95,14.15,0.00032,0.000287,0.0003,0.655,0.0612,201,0.00337,0.00297,34.76
