vm,vs,vw,qm,qs,qw,lmp,lm,npaths,rm,rw,anb
7.95,10.74,2.55,0.000224,0.000226,4.39e-05,0.52,0.0612,29,0.00337,0.00309,26.98
