vm,vs,vw,qm,qs,qw,lmp,lm,npaths,rm,rw,anb
11.16,13.35,1.31,0.000382,0.000437,2.6e-05,0.497,0.0612,25,0.00337,0.00312,38.93
