vm,vs,vw,qm,qs,qw,lmp,lm,npaths,rm,rw,anb
12.66,12.97,13.16,0.000411,0.000383,0.000302,0.596,0.0612,76,0.00337,0.003,45.38
