vm,vs,vw,qm,qs,qw,lmp,lm,npaths,rm,rw,anb
18.44,17.13,19.1,0.000581,0.000509,0.000445,0.579,0.0612,64,0.00337,0.00302,72.19
