vm,vs,vw,qm,qs,qw,lmp,lm,npaths,rm,rw,anb
30.99,27.97,31.85,0.00101,0.000869,0.000744,0.579,0.0612,65,0.00337,0.00302,143.33
