vm,vs,vw,qm,qs,qw,lmp,lm,npaths,rm,rw,anb
13.79,16.49,1.62,0.000472,0.00054,3.21e-05,0.497,0.0612,25,0.00337,0.00312,43.51
