vm,vs,vw,qm,qs,qw,lmp,lm,npaths,rm,rw,anb
40.9,47.44,51.86,0.00117,0.00105,0.0011,0.655,0.0612,201,0.00337,0.00297,102.17
