vm,vs,vw,qm,qs,qw,lmp,lm,npaths,rm,rw,anb
32.12,32.92,33.39,0.00104,0.000971,0.000766,0.596,0.0612,76,0.00337,0.003,91.21
