vm,vs,vw,qm,qs,qw,lmp,lm,npaths,rm,rw,anb
19.04,22.78,2.24,0.000652,0.000746,4.43e-05,0.497,0.0612,25,0.00337,0.00312,60.52
