vm,vs,vw,qm,qs,qw,lmp,lm,npaths,rm,rw,anb
3.29,3.93,0.39,0.000113,0.000129,7.65e-06,0.497,0.0612,25,0.00337,0.00312,15.73
