vm,vs,vw,qm,qs,qw,lmp,lm,npaths,rm,rw,anb
5.91,7.07,0.69,0.000202,0.000232,1.38e-05,0.497,0.0612,25,0.00337,0.00312,28.73
