vm,vs,vw,qm,qs,qw,lmp,lm,npaths,rm,rw,anb
0.66,0.79,0.08,2.27e-05,2.59e-05,1.54e-06,0.497,0.0612,25,0.00337,0.00312,4.91
