vm,vs,vw,qm,qs,qw,lmp,lm,npaths,rm,rw,anb
1.09,1.02,1.13,3.45e-05,3.02e-05,2.64e-05,0.579,0.0612,64,0.00337,0.00302,8.34
