vm,vs,vw,qm,qs,qw,lmp,lm,npaths,rm,rw,anb
14.11,13.1,14.61,0.000444,0.000389,0.00034,0.579,0.0612,64,0.00337,0.00302,56.19
