vm,vs,vw,qm,qs,qw,lmp,lm,npaths,rm,rw,anb
32.04,32.28,39.11,0.000909,0.000716,0.000851,0.636,0.0612,135,0.00337,0.00302,83.98
