vm,vs,vw,qm,qs,qw,lmp,lm,npaths,rm,rw,anb
37.52,36.13,36.16,0.00119,0.000988,0.000879,0.556,0.0612,65,0.00337,0.00305,140.5
