vm,vs,vw,qm,qs,qw,lmp,lm,npaths,rm,rw,anb
29.41,28.32,28.35,0.000929,0.000774,0.000689,0.556,0.0612,65,0.00337,0.00305,123.45
