vm,vs,vw,qm,qs,qw,lmp,lm,npaths,rm,rw,anb
24.33,24.94,25.3,0.00079,0.000735,0.00058,0.596,0.0612,76,0.00337,0.003,71.91
