vm,vs,vw,qm,qs,qw,lmp,lm,npaths,rm,rw,anb
4.42,5.97,1.42,0.000125,0.000126,2.44e-05,0.52,0.0612,29,0.00337,0.00309,17.32
