vm,vs,vw,qm,qs,qw,lmp,lm,npaths,rm,rw,anb
28.23,28.93,29.35,0.000917,0.000853,0.000673,0.596,0.0612,76,0.00337,0.003,81.49
