vm,vs,vw,qm,qs,qw,lmp,lm,npaths,rm,rw,anb
14.37,14.48,17.54,0.000408,0.000321,0.000382,0.636,0.0612,135,0.00337,0.00302,42.26
