vm,vs,vw,qm,qs,qw,lmp,lm,npaths,rm,rw,anb
22.78,21.16,23.59,0.000717,0.000628,0.000549,0.579,0.0612,64,0.00337,0.00302,82.35
