vm,vs,vw,qm,qs,qw,lmp,lm,npaths,rm,rw,anb
35.26,31.83,36.24,0.00115,0.000989,0.000846,0.579,0.0612,65,0.00337,0.00302,151.15
