vm,vs,vw,qm,qs,qw,lmp,lm,npaths,rm,rw,anb
28.02,29.06,28.96,0.000868,0.000779,0.000668,0.584,0.0612,76,0.00337,0.00301,77.2
