vm,vs,vw,qm,qs,qw,lmp,lm,npaths,rm,rw,anb
35.95,41.69,45.58,0.00103,0.000925,0.000967,0.655,0.0612,201,0.00337,0.00297,93.74
