vm,vs,vw,qm,qs,qw,lmp,lm,npaths,rm,rw,anb
16.43,17.04,16.98,0.000509,0.000457,0.000392,0.584,0.0612,76,0.00337,0.00301,50.21
