vm,vs,vw,qm,qs,qw,lmp,lm,npaths,rm,rw,anb
32.64,44.13,10.46,0.000921,0.00093,0.00018,0.52,0.0612,29,0.00337,0.00309,79.83
