vm,vs,vw,qm,qs,qw,lmp,lm,npaths,rm,rw,anb
11.47,15.51,3.68,0.000324,0.000327,6.34e-05,0.52,0.0612,29,0.00337,0.00309,33.7
