vm,vs,vw,qm,qs,qw,lmp,lm,npaths,rm,rw,anb
18.79,18.93,22.93,0.000533,0.00042,0.000499,0.636,0.0612,135,0.00337,0.00302,55.04
