vm,vs,vw,qm,qs,qw,lmp,lm,npaths,rm,rw,anb
16.55,16.96,17.21,0.000537,0.0005,0.000395,0.596,0.0612,76,0.00337,0.003,53.78
