vm,vs,vw,qm,qs,qw,lmp,lm,npaths,rm,rw,anb
26.03,30.2,33.01,0.000747,0.00067,0.0007,0.655,0.0612,201,0.00337,0.00297,71.23
