vm,vs,vw,qm,qs,qw,lmp,lm,npaths,rm,rw,anb
36.01,36.91,37.44,0.00117,0.00109,0.000859,0.596,0.0612,76,0.00337,0.003,100.39
