vm,vs,vw,qm,qs,qw,lmp,lm,npaths,rm,rw,anb
21.3,20.51,20.53,0.000673,0.000561,0.000499,0.556,0.0612,65,0.00337,0.00305,97.92
