vm,vs,vw,qm,qs,qw,lmp,lm,npaths,rm,rw,anb
16.41,19.63,1.93,0.000562,0.000643,3.82e-05,0.497,0.0612,25,0.00337,0.00312,55.07
