vm,vs,vw,qm,qs,qw,lmp,lm,npaths,rm,rw,anb
27.62,27.83,33.72,0.000784,0.000617,0.000734,0.636,0.0612,135,0.00337,0.00302,73.28
