vm,vs,vw,qm,qs,qw,lmp,lm,npaths,rm,rw,anb
25.35,24.41,24.44,0.000801,0.000668,0.000594,0.556,0.0612,65,0.00337,0.00305,105.9
