vm,vs,vw,qm,qs,qw,lmp,lm,npaths,rm,rw,anb
23.2,23.38,28.33,0.000659,0.000518,0.000616,0.636,0.0612,135,0.00337,0.00302,62.83
