vm,vs,vw,qm,qs,qw,lmp,lm,npaths,rm,rw,anb
9.77,9.07,10.12,0.000308,0.000269,0.000235,0.579,0.0612,64,0.00337,0.00302,30.01
