vm,vs,vw,qm,qs,qw,lmp,lm,npaths,rm,rw,anb
31.45,29.21,32.58,0.00099,0.000868,0.000758,0.579,0.0612,64,0.00337,0.00302,107.48
