vm,vs,vw,qm,qs,qw,lmp,lm,npaths,rm,rw,anb
15.0,20.28,4.81,0.000423,0.000427,8.28e-05,0.52,0.0612,29,0.00337,0.00309,40.81
