vm,vs,vw,qm,qs,qw,lmp,lm,npaths,rm,rw,anb
21.08,24.45,26.72,0.000604,0.000542,0.000567,0.655,0.0612,201,0.00337,0.00297,59.86
