vm,vs,vw,qm,qs,qw,lmp,lm,npaths,rm,rw,anb
40.87,41.19,49.9,0.00116,0.000913,0.00109,0.636,0.0612,135,0.00337,0.00302,102.7
