vm,vs,vw,qm,qs,qw,lmp,lm,npaths,rm,rw,anb
39.54,35.69,40.63,0.00129,0.00111,0.000949,0.579,0.0612,65,0.00337,0.00302,172.58
