vm,vs,vw,qm,qs,qw,lmp,lm,npaths,rm,rw,anb
45.86,53.19,58.15,0.00132,0.00118,0.00123,0.655,0.0612,201,0.00337,0.00297,113.67
