vm,vs,vw,qm,qs,qw,lmp,lm,npaths,rm,rw,anb
9.95,10.03,12.15,0.000282,0.000222,0.000264,0.636,0.0612,135,0.00337,0.00302,33.26
