vm,vs,vw,qm,qs,qw,lmp,lm,npaths,rm,rw,anb
4.87,5.0,5.07,0.000158,0.000147,0.000116,0.596,0.0612,76,0.00337,0.003,21.68
