vm,vs,vw,qm,qs,qw,lmp,lm,npaths,rm,rw,anb
20.44,20.95,21.25,0.000664,0.000618,0.000487,0.596,0.0612,76,0.00337,0.003,62.83
