vm,vs,vw,qm,qs,qw,lmp,lm,npaths,rm,rw,anb
26.72,24.12,27.46,0.000872,0.00075,0.000641,0.579,0.0612,65,0.00337,0.00302,119.72
