vm,vs,vw,qm,qs,qw,lmp,lm,npaths,rm,rw,anb
0.97,1.01,1.01,3.02e-05,2.71e-05,2.32e-05,0.584,0.0612,76,0.00337,0.00301,6.72
