vm,vs,vw,qm,qs,qw,lmp,lm,npaths,rm,rw,anb
13.19,12.7,12.71,0.000417,0.000347,0.000309,0.556,0.0612,65,0.00337,0.00305,69.55
