vm,vs,vw,qm,qs,qw,lmp,lm,npaths,rm,rw,anb
21.66,25.92,2.55,0.000742,0.000848,5.04e-05,0.497,0.0612,25,0.00337,0.00312,66.39
