vm,vs,vw,qm,qs,qw,lmp,lm,npaths,rm,rw,anb
9.62,8.69,9.89,0.000314,0.00027,0.000231,0.579,0.0612,65,0.00337,0.00302,58.02
