vm,vs,vw,qm,qs,qw,lmp,lm,npaths,rm,rw,anb
24.29,29.06,2.85,0.000831,0.000951,5.65e-05,0.497,0.0612,25,0.00337,0.00312,75.27
