vm,vs,vw,qm,qs,qw,lmp,lm,npaths,rm,rw,anb
18.17,16.4,18.67,0.000593,0.00051,0.000436,0.579,0.0612,65,0.00337,0.00302,90.84
