vm,vs,vw,qm,qs,qw,lmp,lm,npaths,rm,rw,anb
17.24,16.6,16.62,0.000545,0.000454,0.000404,0.556,0.0612,65,0.00337,0.00305,90.26
