vm,vs,vw,qm,qs,qw,lmp,lm,npaths,rm,rw,anb
40.13,37.27,41.56,0.00126,0.00111,0.000967,0.579,0.0612,64,0.00337,0.00302,104.59
