vm,vs,vw,qm,qs,qw,lmp,lm,npaths,rm,rw,anb
16.12,18.7,20.44,0.000462,0.000415,0.000434,0.655,0.0612,201,0.00337,0.00297,49.82
