vm,vs,vw,qm,qs,qw,lmp,lm,npaths,rm,rw,anb
24.16,25.05,24.97,0.000748,0.000672,0.000576,0.584,0.0612,76,0.00337,0.00301,69.04
