vm,vs,vw,qm,qs,qw,lmp,lm,npaths,rm,rw,anb
0.89,1.2,0.29,2.51e-05,2.54e-05,4.92e-06,0.52,0.0612,29,0.00337,0.00309,6.41
