vm,vs,vw,qm,qs,qw,lmp,lm,npaths,rm,rw,anb
12.57,13.03,12.99,0.000389,0.000349,0.0003,0.584,0.0612,76,0.00337,0.00301,42.8
