vm,vs,vw,qm,qs,qw,lmp,lm,npaths,rm,rw,anb
35.79,33.24,37.07,0.00113,0.000987,0.000863,0.579,0.0612,64,0.00337,0.00302,91.72
