vm,vs,vw,qm,qs,qw,lmp,lm,npaths,rm,rw,anb
36.46,36.73,44.51,0.00103,0.000814,0.000968,0.636,0.0612,135,0.00337,0.00302,93.31
