vm,vs,vw,qm,qs,qw,lmp,lm,npaths,rm,rw,anb
4.84,5.02,5.0,0.00015,0.000135,0.000115,0.584,0.0612,76,0.00337,0.00301,22.8
