vm,vs,vw,qm,qs,qw,lmp,lm,npaths,rm,rw,anb
8.7,9.02,9.0,0.00027,0.000242,0.000208,0.584,0.0612,76,0.00337,0.00301,31.33
