vm,vs,vw,qm,qs,qw,lmp,lm,npaths,rm,rw,anb
1.11,1.12,1.36,3.16e-05,2.49e-05,2.96e-05,0.636,0.0612,135,0.00337,0.00302,5.34
