vm,vs,vw,qm,qs,qw,lmp,lm,npaths,rm,rw,anb
5.53,5.57,6.75,0.000157,0.000124,0.000147,0.636,0.0612,135,0.00337,0.00302,20.64
