vm,vs,vw,qm,qs,qw,lmp,lm,npaths,rm,rw,anb
25.58,34.59,8.2,0.000722,0.000729,0.000141,0.52,0.0612,29,0.00337,0.00309,62.86
