vm,vs,vw,qm,qs,qw,lmp,lm,npaths,rm,rw,anb
18.53,25.05,5.94,0.000523,0.000528,0.000102,0.52,0.0612,29,0.00337,0.00309,49.05
