vm,vs,vw,qm,qs,qw,lmp,lm,npaths,rm,rw,anb
1.08,0.97,1.11,3.52e-05,3.03e-05,2.59e-05,0.579,0.0612,65,0.00337,0.00302,9.67
