vm,vs,vw,qm,qs,qw,lmp,lm,npaths,rm,rw,anb
1.02,0.99,0.99,3.23e-05,2.69e-05,2.4e-05,0.556,0.0612,65,0.00337,0.00305,8.56
