vm,vs,vw,qm,qs,qw,lmp,lm,npaths,rm,rw,anb
30.99,35.94,39.29,0.000889,0.000797,0.000833,0.655,0.0612,201,0.00337,0.00297,83.16
