vm,vs,vw,qm,qs,qw,lmp,lm,npaths,rm,rw,anb
5.08,4.89,4.9,0.00016,0.000134,0.000119,0.556,0.0612,65,0.00337,0.00305,32.75
