vm,vs,vw,qm,qs,qw,lmp,lm,npaths,rm,rw,anb
8.77,8.99,9.11,0.000285,0.000265,0.000209,0.596,0.0612,76,0.00337,0.003,33.34
