vm,vs,vw,qm,qs,qw,lmp,lm,npaths,rm,rw,anb
13.9,12.55,14.28,0.000454,0.00039,0.000333,0.579,0.0612,65,0.00337,0.00302,73.19
