vm,vs,vw,qm,qs,qw,lmp,lm,npaths,rm,rw,anb
35.75,37.07,36.95,0.00111,0.000994,0.000852,0.584,0.0612,76,0.00337,0.00301,95.27
