vm,vs,vw,qm,qs,qw,lmp,lm,npaths,rm,rw,anb
5.35,4.83,5.5,0.000175,0.00015,0.000128,0.579,0.0612,65,0.00337,0.00302,33.82
