vm,vs,vw,qm,qs,qw,lmp,lm,npaths,rm,rw,anb
33.46,32.22,32.26,0.00106,0.000881,0.000784,0.556,0.0612,65,0.00337,0.00305,132.23
