vm,vs,vw,qm,qs,qw,lmp,lm,npaths,rm,rw,anb
9.13,8.79,8.8,0.000289,0.00024,0.000214,0.556,0.0612,65,0.00337,0.00305,55.08
