vm,vs,vw,qm,qs,qw,lmp,lm,npaths,rm,rw,anb
22.44,20.26,23.07,0.000732,0.00063,0.000539,0.579,0.0612,65,0.00337,0.00302,111.69
