vm,vs,vw,qm,qs,qw,lmp,lm,npaths,rm,rw,anb
9.81,7.31,5.52,0.00029,0.000231,0.000173,0.402,0.0507,586,0.00305,0.00315,44.78
