vm,vs,vw,qm,qs,qw,lmp,lm,npaths,rm,rw,anb
5.63,5.84,8.23,0.000185,0.000231,0.000256,0.334,0.0507,164,0.00305,0.0032,38.19
