vm,vs,vw,qm,qs,qw,lmp,lm,npaths,rm,rw,anb
15.71,13.73,17.64,0.000456,0.000423,0.000509,0.439,0.0507,844,0.00305,0.00312,83.1
