vm,vs,vw,qm,qs,qw,lmp,lm,npaths,rm,rw,anb
27.91,20.79,15.7,0.000826,0.000658,0.000493,0.402,0.0507,586,0.00305,0.00315,120.1
