vm,vs,vw,qm,qs,qw,lmp,lm,npaths,rm,rw,anb
24.84,20.65,25.27,0.000683,0.000546,0.000714,0.466,0.0507,1351,0.00305,0.0031,153.41
