vm,vs,vw,qm,qs,qw,lmp,lm,npaths,rm,rw,anb
27.81,23.21,17.02,0.000787,0.000631,0.000519,0.418,0.0507,618,0.00305,0.00313,119.62
