vm,vs,vw,qm,qs,qw,lmp,lm,npaths,rm,rw,anb
20.47,15.16,16.41,0.000619,0.000517,0.00054,0.411,0.0507,697,0.00305,0.00314,139.31
