vm,vs,vw,qm,qs,qw,lmp,lm,npaths,rm,rw,anb
10.1,7.9,5.43,0.000292,0.000226,0.000173,0.392,0.0507,586,0.00305,0.00316,47.58
