vm,vs,vw,qm,qs,qw,lmp,lm,npaths,rm,rw,anb
14.28,14.81,20.88,0.000469,0.000586,0.000649,0.334,0.0507,164,0.00305,0.0032,82.75
