vm,vs,vw,qm,qs,qw,lmp,lm,npaths,rm,rw,anb
3.76,3.14,2.3,0.000106,8.54e-05,7.03e-05,0.418,0.0507,618,0.00305,0.00313,21.56
