vm,vs,vw,qm,qs,qw,lmp,lm,npaths,rm,rw,anb
6.74,5.89,7.56,0.000196,0.000181,0.000218,0.439,0.0507,844,0.00305,0.00312,42.62
