vm,vs,vw,qm,qs,qw,lmp,lm,npaths,rm,rw,anb
6.27,5.63,7.45,0.000182,0.000165,0.000216,0.455,0.0507,931,0.00305,0.00313,40.47
