vm,vs,vw,qm,qs,qw,lmp,lm,npaths,rm,rw,anb
0.76,0.57,0.43,2.25e-05,1.79e-05,1.35e-05,0.402,0.0507,586,0.00305,0.00315,5.01
