vm,vs,vw,qm,qs,qw,lmp,lm,npaths,rm,rw,anb
6.79,5.06,3.82,0.000201,0.00016,0.00012,0.402,0.0507,586,0.00305,0.00315,32.72
