vm,vs,vw,qm,qs,qw,lmp,lm,npaths,rm,rw,anb
9.09,9.42,13.29,0.000299,0.000373,0.000413,0.334,0.0507,164,0.00305,0.0032,55.81
