vm,vs,vw,qm,qs,qw,lmp,lm,npaths,rm,rw,anb
3.53,2.62,2.83,0.000107,8.93e-05,9.33e-05,0.411,0.0507,697,0.00305,0.00314,42.08
