vm,vs,vw,qm,qs,qw,lmp,lm,npaths,rm,rw,anb
17.64,13.07,14.15,0.000534,0.000446,0.000466,0.411,0.0507,697,0.00305,0.00314,124.55
