vm,vs,vw,qm,qs,qw,lmp,lm,npaths,rm,rw,anb
17.41,15.63,20.67,0.000506,0.000458,0.0006,0.455,0.0507,931,0.00305,0.00313,86.64
