vm,vs,vw,qm,qs,qw,lmp,lm,npaths,rm,rw,anb
15.78,13.18,9.66,0.000447,0.000358,0.000295,0.418,0.0507,618,0.00305,0.00313,72.15
