vm,vs,vw,qm,qs,qw,lmp,lm,npaths,rm,rw,anb
9.06,8.13,10.75,0.000263,0.000238,0.000312,0.455,0.0507,931,0.00305,0.00313,52.71
