vm,vs,vw,qm,qs,qw,lmp,lm,npaths,rm,rw,anb
9.73,8.5,10.92,0.000283,0.000262,0.000315,0.439,0.0507,844,0.00305,0.00312,57.92
