vm,vs,vw,qm,qs,qw,lmp,lm,npaths,rm,rw,anb
3.9,4.04,5.7,0.000128,0.00016,0.000177,0.334,0.0507,164,0.00305,0.0032,29.26
