vm,vs,vw,qm,qs,qw,lmp,lm,npaths,rm,rw,anb
20.19,18.13,23.98,0.000587,0.000532,0.000695,0.455,0.0507,931,0.00305,0.00313,106.6
