vm,vs,vw,qm,qs,qw,lmp,lm,npaths,rm,rw,anb
18.86,14.05,10.61,0.000558,0.000444,0.000333,0.402,0.0507,586,0.00305,0.00315,82.36
