vm,vs,vw,qm,qs,qw,lmp,lm,npaths,rm,rw,anb
24.89,18.55,14.0,0.000737,0.000587,0.00044,0.402,0.0507,586,0.00305,0.00315,107.27
