vm,vs,vw,qm,qs,qw,lmp,lm,npaths,rm,rw,anb
28.74,22.48,15.45,0.00083,0.000643,0.000491,0.392,0.0507,586,0.00305,0.00316,122.34
