vm,vs,vw,qm,qs,qw,lmp,lm,npaths,rm,rw,anb
0.71,0.53,0.57,2.15e-05,1.8e-05,1.88e-05,0.411,0.0507,697,0.00305,0.00314,11.81
