vm,vs,vw,qm,qs,qw,lmp,lm,npaths,rm,rw,anb
9.77,8.16,5.98,0.000277,0.000222,0.000182,0.418,0.0507,618,0.00305,0.00313,46.86
