vm,vs,vw,qm,qs,qw,lmp,lm,npaths,rm,rw,anb
7.71,6.41,7.85,0.000212,0.000169,0.000222,0.466,0.0507,1351,0.00305,0.0031,62.53
