vm,vs,vw,qm,qs,qw,lmp,lm,npaths,rm,rw,anb
18.7,16.34,21.0,0.000543,0.000503,0.000606,0.439,0.0507,844,0.00305,0.00312,95.91
