vm,vs,vw,qm,qs,qw,lmp,lm,npaths,rm,rw,anb
4.29,3.57,4.36,0.000118,9.42e-05,0.000123,0.466,0.0507,1351,0.00305,0.0031,35.37
