vm,vs,vw,qm,qs,qw,lmp,lm,npaths,rm,rw,anb
21.88,16.3,12.3,0.000648,0.000516,0.000387,0.402,0.0507,586,0.00305,0.00315,93.84
