vm,vs,vw,qm,qs,qw,lmp,lm,npaths,rm,rw,anb
6.36,4.71,5.1,0.000192,0.000161,0.000168,0.411,0.0507,697,0.00305,0.00314,54.86
