vm,vs,vw,qm,qs,qw,lmp,lm,npaths,rm,rw,anb
24.68,21.57,27.71,0.000717,0.000664,0.0008,0.439,0.0507,844,0.00305,0.00312,123.3
