vm,vs,vw,qm,qs,qw,lmp,lm,npaths,rm,rw,anb
14.56,12.11,14.82,0.0004,0.00032,0.000418,0.466,0.0507,1351,0.00305,0.0031,104.73
