vm,vs,vw,qm,qs,qw,lmp,lm,npaths,rm,rw,anb
16.31,12.76,8.77,0.000471,0.000365,0.000279,0.392,0.0507,586,0.00305,0.00316,72.8
