vm,vs,vw,qm,qs,qw,lmp,lm,npaths,rm,rw,anb
15.84,11.8,8.91,0.000469,0.000373,0.00028,0.402,0.0507,586,0.00305,0.00315,69.44
