vm,vs,vw,qm,qs,qw,lmp,lm,npaths,rm,rw,anb
19.42,15.19,10.44,0.000561,0.000435,0.000332,0.392,0.0507,586,0.00305,0.00316,82.32
