vm,vs,vw,qm,qs,qw,lmp,lm,npaths,rm,rw,anb
22.98,20.63,27.29,0.000667,0.000605,0.000791,0.455,0.0507,931,0.00305,0.00313,109.75
