vm,vs,vw,qm,qs,qw,lmp,lm,npaths,rm,rw,anb
17.99,14.96,18.3,0.000495,0.000395,0.000517,0.466,0.0507,1351,0.00305,0.0031,127.66
