vm,vs,vw,qm,qs,qw,lmp,lm,npaths,rm,rw,anb
0.75,0.66,0.85,2.19e-05,2.03e-05,2.45e-05,0.439,0.0507,844,0.00305,0.00312,8.65
