vm,vs,vw,qm,qs,qw,lmp,lm,npaths,rm,rw,anb
12.72,11.11,14.28,0.000369,0.000342,0.000412,0.439,0.0507,844,0.00305,0.00312,71.29
