vm,vs,vw,qm,qs,qw,lmp,lm,npaths,rm,rw,anb
25.63,20.05,13.78,0.000741,0.000574,0.000438,0.392,0.0507,586,0.00305,0.00316,110.58
