vm,vs,vw,qm,qs,qw,lmp,lm,npaths,rm,rw,anb
7.0,5.47,3.76,0.000202,0.000157,0.00012,0.392,0.0507,586,0.00305,0.00316,34.81
