vm,vs,vw,qm,qs,qw,lmp,lm,npaths,rm,rw,anb
13.21,10.33,7.1,0.000382,0.000296,0.000226,0.392,0.0507,586,0.00305,0.00316,59.68
