vm,vs,vw,qm,qs,qw,lmp,lm,npaths,rm,rw,anb
3.89,3.04,2.09,0.000112,8.71e-05,6.65e-05,0.392,0.0507,586,0.00305,0.00316,21.81
