vm,vs,vw,qm,qs,qw,lmp,lm,npaths,rm,rw,anb
12.83,9.56,7.21,0.00038,0.000302,0.000227,0.402,0.0507,586,0.00305,0.00315,57.06
