vm,vs,vw,qm,qs,qw,lmp,lm,npaths,rm,rw,anb
26.11,19.34,20.93,0.00079,0.000659,0.000689,0.411,0.0507,697,0.00305,0.00314,180.27
