vm,vs,vw,qm,qs,qw,lmp,lm,npaths,rm,rw,anb
23.29,17.25,18.67,0.000704,0.000588,0.000615,0.411,0.0507,697,0.00305,0.00314,187.17
