vm,vs,vw,qm,qs,qw,lmp,lm,npaths,rm,rw,anb
0.76,0.63,0.46,2.15e-05,1.72e-05,1.42e-05,0.418,0.0507,618,0.00305,0.00313,6.21
