vm,vs,vw,qm,qs,qw,lmp,lm,npaths,rm,rw,anb
3.49,3.13,4.14,0.000101,9.18e-05,0.00012,0.455,0.0507,931,0.00305,0.00313,28.7
