vm,vs,vw,qm,qs,qw,lmp,lm,npaths,rm,rw,anb
21.79,18.19,13.34,0.000617,0.000495,0.000407,0.418,0.0507,618,0.00305,0.00313,95.71
