vm,vs,vw,qm,qs,qw,lmp,lm,npaths,rm,rw,anb
16.02,16.6,23.41,0.000526,0.000657,0.000728,0.334,0.0507,164,0.00305,0.0032,89.85
