vm,vs,vw,qm,qs,qw,lmp,lm,npaths,rm,rw,anb
27.67,24.18,31.07,0.000804,0.000745,0.000897,0.439,0.0507,844,0.00305,0.00312,133.94
