vm,vs,vw,qm,qs,qw,lmp,lm,npaths,rm,rw,anb
6.77,5.65,4.14,0.000192,0.000154,0.000126,0.418,0.0507,618,0.00305,0.00313,34.94
