vm,vs,vw,qm,qs,qw,lmp,lm,npaths,rm,rw,anb
24.8,20.7,15.18,0.000702,0.000563,0.000463,0.418,0.0507,618,0.00305,0.00313,107.42
