vm,vs,vw,qm,qs,qw,lmp,lm,npaths,rm,rw,anb
21.41,17.81,21.79,0.000589,0.00047,0.000615,0.466,0.0507,1351,0.00305,0.0031,149.2
