vm,vs,vw,qm,qs,qw,lmp,lm,npaths,rm,rw,anb
7.36,7.63,10.76,0.000242,0.000302,0.000334,0.334,0.0507,164,0.00305,0.0032,48.62
