vm,vs,vw,qm,qs,qw,lmp,lm,npaths,rm,rw,anb
22.53,17.62,12.11,0.000651,0.000504,0.000385,0.392,0.0507,586,0.00305,0.00316,95.48
