vm,vs,vw,qm,qs,qw,lmp,lm,npaths,rm,rw,anb
14.82,10.98,11.88,0.000448,0.000374,0.000391,0.411,0.0507,697,0.00305,0.00314,108.18
