vm,vs,vw,qm,qs,qw,lmp,lm,npaths,rm,rw,anb
21.69,18.95,24.35,0.00063,0.000584,0.000703,0.439,0.0507,844,0.00305,0.00312,107.13
