vm,vs,vw,qm,qs,qw,lmp,lm,npaths,rm,rw,anb
12.55,13.01,18.35,0.000412,0.000515,0.00057,0.334,0.0507,164,0.00305,0.0032,70.94
