vm,vs,vw,qm,qs,qw,lmp,lm,npaths,rm,rw,anb
25.76,23.13,30.6,0.000748,0.000678,0.000887,0.455,0.0507,931,0.00305,0.00313,120.28
