vm,vs,vw,qm,qs,qw,lmp,lm,npaths,rm,rw,anb
0.7,0.63,0.83,2.04e-05,1.85e-05,2.42e-05,0.455,0.0507,931,0.00305,0.00313,9.49
