vm,vs,vw,qm,qs,qw,lmp,lm,npaths,rm,rw,anb
12.78,10.67,7.82,0.000362,0.00029,0.000239,0.418,0.0507,618,0.00305,0.00313,59.4
