vm,vs,vw,qm,qs,qw,lmp,lm,npaths,rm,rw,anb
12.0,8.89,9.62,0.000363,0.000303,0.000317,0.411,0.0507,697,0.00305,0.00314,119.86
