vm,vs,vw,qm,qs,qw,lmp,lm,npaths,rm,rw,anb
10.82,11.22,15.82,0.000356,0.000444,0.000492,0.334,0.0507,164,0.00305,0.0032,63.48
