vm,vs,vw,qm,qs,qw,lmp,lm,npaths,rm,rw,anb
28.26,23.5,28.76,0.000777,0.000621,0.000812,0.466,0.0507,1351,0.00305,0.0031,168.7
