vm,vs,vw,qm,qs,qw,lmp,lm,npaths,rm,rw,anb
0.78,0.61,0.42,2.26e-05,1.75e-05,1.34e-05,0.392,0.0507,586,0.00305,0.00316,6.07
