vm,vs,vw,qm,qs,qw,lmp,lm,npaths,rm,rw,anb
18.79,15.69,11.5,0.000532,0.000427,0.000351,0.418,0.0507,618,0.00305,0.00313,82.2
