vm,vs,vw,qm,qs,qw,lmp,lm,npaths,rm,rw,anb
31.69,26.35,32.24,0.000871,0.000696,0.00091,0.466,0.0507,1351,0.00305,0.0031,198.06
