vm,vs,vw,qm,qs,qw,lmp,lm,npaths,rm,rw,anb
9.18,6.8,7.36,0.000278,0.000232,0.000242,0.411,0.0507,697,0.00305,0.00314,72.0
