vm,vs,vw,qm,qs,qw,lmp,lm,npaths,rm,rw,anb
3.78,2.81,2.12,0.000112,8.9e-05,6.68e-05,0.402,0.0507,586,0.00305,0.00315,18.93
