vm,vs,vw,qm,qs,qw,lmp,lm,npaths,rm,rw,anb
3.75,3.27,4.21,0.000109,0.000101,0.000121,0.439,0.0507,844,0.00305,0.00312,30.19
