vm,vs,vw,qm,qs,qw,lmp,lm,npaths,rm,rw,anb
11.84,10.63,14.06,0.000344,0.000312,0.000408,0.455,0.0507,931,0.00305,0.00313,70.41
