vm,vs,vw,qm,qs,qw,lmp,lm,npaths,rm,rw,anb
11.14,9.26,11.33,0.000306,0.000245,0.00032,0.466,0.0507,1351,0.00305,0.0031,82.07
