vm,vs,vw,qm,qs,qw,lmp,lm,npaths,rm,rw,anb
2.47,2.33,3.06,0.000161,0.000172,0.000139,0.561,0.0605,653,0.00442,0.00341,12.5
