vm,vs,vw,qm,qs,qw,lmp,lm,npaths,rm,rw,anb
4.66,4.39,5.77,0.000304,0.000325,0.000263,0.561,0.0605,653,0.00442,0.00341,21.78
