vm,vs,vw,qm,qs,qw,lmp,lm,npaths,rm,rw,anb
6.44,9.24,17.71,0.000315,0.000342,0.000591,0.601,0.0605,669,0.00442,0.00346,34.53
