vm,vs,vw,qm,qs,qw,lmp,lm,npaths,rm,rw,anb
7.86,13.0,2.97,0.000458,0.000552,0.00012,0.531,0.0605,354,0.00442,0.00338,33.45
