vm,vs,vw,qm,qs,qw,lmp,lm,npaths,rm,rw,anb
2.38,2.17,3.25,0.000157,0.000172,0.000163,0.534,0.0605,466,0.00442,0.00338,20.41
