vm,vs,vw,qm,qs,qw,lmp,lm,npaths,rm,rw,anb
0.32,0.52,0.12,1.85e-05,2.23e-05,4.85e-06,0.531,0.0605,354,0.00442,0.00338,2.57
