vm,vs,vw,qm,qs,qw,lmp,lm,npaths,rm,rw,anb
3.57,3.36,4.41,0.000232,0.000249,0.000201,0.561,0.0605,653,0.00442,0.00341,16.99
