vm,vs,vw,qm,qs,qw,lmp,lm,npaths,rm,rw,anb
0.33,0.37,0.8,1.8e-05,1.39e-05,2.49e-05,0.511,0.0605,417,0.00442,0.00337,3.3
