vm,vs,vw,qm,qs,qw,lmp,lm,npaths,rm,rw,anb
2.83,4.68,1.07,0.000165,0.000199,4.33e-05,0.531,0.0605,354,0.00442,0.00338,14.63
