vm,vs,vw,qm,qs,qw,lmp,lm,npaths,rm,rw,anb
4.09,6.76,1.54,0.000238,0.000287,6.25e-05,0.531,0.0605,354,0.00442,0.00338,20.21
