vm,vs,vw,qm,qs,qw,lmp,lm,npaths,rm,rw,anb
7.49,8.49,8.35,0.000506,0.000637,0.000377,0.527,0.0605,384,0.00442,0.00338,32.3
