vm,vs,vw,qm,qs,qw,lmp,lm,npaths,rm,rw,anb
7.66,10.99,21.08,0.000375,0.000407,0.000704,0.601,0.0605,669,0.00442,0.00346,37.67
