vm,vs,vw,qm,qs,qw,lmp,lm,npaths,rm,rw,anb
6.52,10.91,2.76,0.000381,0.000485,0.000106,0.526,0.0605,236,0.00442,0.00337,28.17
