vm,vs,vw,qm,qs,qw,lmp,lm,npaths,rm,rw,anb
10.86,12.24,26.33,0.00059,0.000454,0.000814,0.511,0.0605,417,0.00442,0.00337,40.16
