vm,vs,vw,qm,qs,qw,lmp,lm,npaths,rm,rw,anb
7.81,7.89,7.73,0.000491,0.000621,0.000235,0.56,0.0605,603,0.00442,0.00341,60.25
