vm,vs,vw,qm,qs,qw,lmp,lm,npaths,rm,rw,anb
3.85,4.8,9.89,0.000225,0.000213,0.000305,0.537,0.0605,523,0.00442,0.00338,15.26
