vm,vs,vw,qm,qs,qw,lmp,lm,npaths,rm,rw,anb
7.76,12.99,3.28,0.000454,0.000577,0.000127,0.526,0.0605,236,0.00442,0.00337,30.79
