vm,vs,vw,qm,qs,qw,lmp,lm,npaths,rm,rw,anb
9.56,10.83,10.65,0.000645,0.000813,0.00048,0.527,0.0605,384,0.00442,0.00338,39.1
