vm,vs,vw,qm,qs,qw,lmp,lm,npaths,rm,rw,anb
5.21,7.48,14.34,0.000255,0.000277,0.000479,0.601,0.0605,669,0.00442,0.00346,27.79
