vm,vs,vw,qm,qs,qw,lmp,lm,npaths,rm,rw,anb
1.48,1.85,3.81,8.65e-05,8.22e-05,0.000118,0.537,0.0605,523,0.00442,0.00338,7.22
