vm,vs,vw,qm,qs,qw,lmp,lm,npaths,rm,rw,anb
9.77,8.91,13.33,0.000646,0.000706,0.000669,0.534,0.0605,466,0.00442,0.00338,60.68
