vm,vs,vw,qm,qs,qw,lmp,lm,npaths,rm,rw,anb
4.49,4.09,6.13,0.000297,0.000325,0.000307,0.534,0.0605,466,0.00442,0.00338,38.42
