vm,vs,vw,qm,qs,qw,lmp,lm,npaths,rm,rw,anb
1.55,2.6,0.66,9.09e-05,0.000116,2.54e-05,0.526,0.0605,236,0.00442,0.00337,8.92
