vm,vs,vw,qm,qs,qw,lmp,lm,npaths,rm,rw,anb
10.94,13.66,28.14,0.000639,0.000607,0.000869,0.537,0.0605,523,0.00442,0.00338,38.78
