vm,vs,vw,qm,qs,qw,lmp,lm,npaths,rm,rw,anb
0.26,0.3,0.29,1.76e-05,2.22e-05,1.31e-05,0.527,0.0605,384,0.00442,0.00338,2.5
