vm,vs,vw,qm,qs,qw,lmp,lm,npaths,rm,rw,anb
9.76,12.19,25.1,0.00057,0.000542,0.000775,0.537,0.0605,523,0.00442,0.00338,34.85
