vm,vs,vw,qm,qs,qw,lmp,lm,npaths,rm,rw,anb
6.21,7.76,15.97,0.000363,0.000345,0.000493,0.537,0.0605,523,0.00442,0.00338,24.08
