vm,vs,vw,qm,qs,qw,lmp,lm,npaths,rm,rw,anb
11.34,16.27,31.19,0.000554,0.000603,0.00104,0.601,0.0605,669,0.00442,0.00346,56.76
