vm,vs,vw,qm,qs,qw,lmp,lm,npaths,rm,rw,anb
5.6,6.31,13.57,0.000304,0.000234,0.000419,0.511,0.0605,417,0.00442,0.00337,26.17
