vm,vs,vw,qm,qs,qw,lmp,lm,npaths,rm,rw,anb
1.35,1.36,1.34,8.49e-05,0.000107,4.07e-05,0.56,0.0605,603,0.00442,0.00341,12.78
