vm,vs,vw,qm,qs,qw,lmp,lm,npaths,rm,rw,anb
1.53,2.2,4.22,7.5e-05,8.16e-05,0.000141,0.601,0.0605,669,0.00442,0.00346,10.38
