vm,vs,vw,qm,qs,qw,lmp,lm,npaths,rm,rw,anb
8.89,12.75,24.45,0.000434,0.000473,0.000816,0.601,0.0605,669,0.00442,0.00346,47.21
