vm,vs,vw,qm,qs,qw,lmp,lm,npaths,rm,rw,anb
1.37,1.29,1.7,8.95e-05,9.57e-05,7.73e-05,0.561,0.0605,653,0.00442,0.00341,8.12
