vm,vs,vw,qm,qs,qw,lmp,lm,npaths,rm,rw,anb
0.27,0.27,0.27,1.71e-05,2.16e-05,8.19e-06,0.56,0.0605,603,0.00442,0.00341,2.91
