vm,vs,vw,qm,qs,qw,lmp,lm,npaths,rm,rw,anb
2.96,3.34,7.19,0.000161,0.000124,0.000222,0.511,0.0605,417,0.00442,0.00337,16.62
