vm,vs,vw,qm,qs,qw,lmp,lm,npaths,rm,rw,anb
6.91,7.79,16.76,0.000375,0.000289,0.000518,0.511,0.0605,417,0.00442,0.00337,31.48
