vm,vs,vw,qm,qs,qw,lmp,lm,npaths,rm,rw,anb
8.89,8.98,8.8,0.000559,0.000707,0.000268,0.56,0.0605,603,0.00442,0.00341,66.74
