vm,vs,vw,qm,qs,qw,lmp,lm,npaths,rm,rw,anb
2.43,2.45,2.4,0.000153,0.000193,7.31e-05,0.56,0.0605,603,0.00442,0.00341,17.13
