vm,vs,vw,qm,qs,qw,lmp,lm,npaths,rm,rw,anb
10.14,9.55,12.56,0.000661,0.000707,0.000571,0.561,0.0605,653,0.00442,0.00341,40.94
