vm,vs,vw,qm,qs,qw,lmp,lm,npaths,rm,rw,anb
2.66,3.33,6.85,0.000156,0.000148,0.000212,0.537,0.0605,523,0.00442,0.00338,11.78
