vm,vs,vw,qm,qs,qw,lmp,lm,npaths,rm,rw,anb
2.33,2.64,2.59,0.000157,0.000198,0.000117,0.527,0.0605,384,0.00442,0.00338,12.73
