vm,vs,vw,qm,qs,qw,lmp,lm,npaths,rm,rw,anb
9.97,10.06,9.87,0.000627,0.000793,0.0003,0.56,0.0605,603,0.00442,0.00341,66.11
