vm,vs,vw,qm,qs,qw,lmp,lm,npaths,rm,rw,anb
4.58,4.62,4.54,0.000288,0.000364,0.000138,0.56,0.0605,603,0.00442,0.00341,38.14
