vm,vs,vw,qm,qs,qw,lmp,lm,npaths,rm,rw,anb
3.36,3.81,3.74,0.000227,0.000286,0.000169,0.527,0.0605,384,0.00442,0.00338,16.91
