vm,vs,vw,qm,qs,qw,lmp,lm,npaths,rm,rw,anb
4.03,6.76,1.71,0.000236,0.0003,6.59e-05,0.526,0.0605,236,0.00442,0.00337,19.04
