vm,vs,vw,qm,qs,qw,lmp,lm,npaths,rm,rw,anb
0.31,0.44,0.85,1.51e-05,1.64e-05,2.84e-05,0.601,0.0605,669,0.00442,0.00346,2.87
