vm,vs,vw,qm,qs,qw,lmp,lm,npaths,rm,rw,anb
1.29,1.47,1.44,8.73e-05,0.00011,6.5e-05,0.527,0.0605,384,0.00442,0.00338,8.06
