vm,vs,vw,qm,qs,qw,lmp,lm,npaths,rm,rw,anb
3.99,5.72,10.96,0.000195,0.000212,0.000366,0.601,0.0605,669,0.00442,0.00346,23.05
