vm,vs,vw,qm,qs,qw,lmp,lm,npaths,rm,rw,anb
7.66,6.98,10.45,0.000506,0.000554,0.000524,0.534,0.0605,466,0.00442,0.00338,54.02
