vm,vs,vw,qm,qs,qw,lmp,lm,npaths,rm,rw,anb
11.48,19.22,4.86,0.000672,0.000854,0.000188,0.526,0.0605,236,0.00442,0.00337,43.45
