vm,vs,vw,qm,qs,qw,lmp,lm,npaths,rm,rw,anb
3.43,3.13,4.69,0.000227,0.000248,0.000235,0.534,0.0605,466,0.00442,0.00338,29.98
