vm,vs,vw,qm,qs,qw,lmp,lm,npaths,rm,rw,anb
5.66,5.71,5.6,0.000356,0.00045,0.000171,0.56,0.0605,603,0.00442,0.00341,44.83
