vm,vs,vw,qm,qs,qw,lmp,lm,npaths,rm,rw,anb
1.58,2.6,0.59,9.18e-05,0.000111,2.41e-05,0.531,0.0605,354,0.00442,0.00338,9.64
