vm,vs,vw,qm,qs,qw,lmp,lm,npaths,rm,rw,anb
9.54,10.76,23.14,0.000518,0.000399,0.000715,0.511,0.0605,417,0.00442,0.00337,39.34
