vm,vs,vw,qm,qs,qw,lmp,lm,npaths,rm,rw,anb
9.05,8.52,11.2,0.00059,0.000631,0.00051,0.561,0.0605,653,0.00442,0.00341,37.44
