vm,vs,vw,qm,qs,qw,lmp,lm,npaths,rm,rw,anb
8.72,7.94,11.89,0.000576,0.00063,0.000596,0.534,0.0605,466,0.00442,0.00338,56.26
