vm,vs,vw,qm,qs,qw,lmp,lm,npaths,rm,rw,anb
0.31,0.52,0.13,1.83e-05,2.33e-05,5.11e-06,0.526,0.0605,236,0.00442,0.00337,2.41
