vm,vs,vw,qm,qs,qw,lmp,lm,npaths,rm,rw,anb
3.5,3.54,3.47,0.00022,0.000279,0.000106,0.56,0.0605,603,0.00442,0.00341,23.88
