vm,vs,vw,qm,qs,qw,lmp,lm,npaths,rm,rw,anb
10.38,17.16,3.91,0.000605,0.000729,0.000158,0.531,0.0605,354,0.00442,0.00338,40.41
