vm,vs,vw,qm,qs,qw,lmp,lm,npaths,rm,rw,anb
9.12,15.08,3.44,0.000531,0.000641,0.000139,0.531,0.0605,354,0.00442,0.00338,36.97
