vm,vs,vw,qm,qs,qw,lmp,lm,npaths,rm,rw,anb
5.55,5.06,7.57,0.000367,0.000401,0.00038,0.534,0.0605,466,0.00442,0.00338,43.73
