vm,vs,vw,qm,qs,qw,lmp,lm,npaths,rm,rw,anb
8.23,9.28,19.95,0.000447,0.000344,0.000617,0.511,0.0605,417,0.00442,0.00337,34.79
