vm,vs,vw,qm,qs,qw,lmp,lm,npaths,rm,rw,anb
6.86,6.46,8.49,0.000447,0.000478,0.000386,0.561,0.0605,653,0.00442,0.00341,30.95
