vm,vs,vw,qm,qs,qw,lmp,lm,npaths,rm,rw,anb
0.3,0.37,0.77,1.74e-05,1.66e-05,2.37e-05,0.537,0.0605,523,0.00442,0.00338,2.11
