vm,vs,vw,qm,qs,qw,lmp,lm,npaths,rm,rw,anb
8.57,10.71,22.06,0.000501,0.000476,0.000681,0.537,0.0605,523,0.00442,0.00338,31.22
