vm,vs,vw,qm,qs,qw,lmp,lm,npaths,rm,rw,anb
1.32,1.21,1.8,8.74e-05,9.56e-05,9.05e-05,0.534,0.0605,466,0.00442,0.00338,14.5
