vm,vs,vw,qm,qs,qw,lmp,lm,npaths,rm,rw,anb
5.03,6.28,12.93,0.000294,0.000279,0.000399,0.537,0.0605,523,0.00442,0.00338,19.44
