vm,vs,vw,qm,qs,qw,lmp,lm,npaths,rm,rw,anb
7.39,9.23,19.02,0.000432,0.00041,0.000587,0.537,0.0605,523,0.00442,0.00338,27.75
