vm,vs,vw,qm,qs,qw,lmp,lm,npaths,rm,rw,anb
2.76,3.96,7.59,0.000135,0.000147,0.000253,0.601,0.0605,669,0.00442,0.00346,16.71
