vm,vs,vw,qm,qs,qw,lmp,lm,npaths,rm,rw,anb
11.64,19.24,4.39,0.000678,0.000817,0.000178,0.531,0.0605,354,0.00442,0.00338,43.65
