vm,vs,vw,qm,qs,qw,lmp,lm,npaths,rm,rw,anb
5.43,6.15,6.05,0.000366,0.000461,0.000273,0.527,0.0605,384,0.00442,0.00338,24.59
