vm,vs,vw,qm,qs,qw,lmp,lm,npaths,rm,rw,anb
1.65,1.86,4.0,8.95e-05,6.89e-05,0.000124,0.511,0.0605,417,0.00442,0.00337,10.79
