vm,vs,vw,qm,qs,qw,lmp,lm,npaths,rm,rw,anb
5.76,5.42,7.13,0.000375,0.000401,0.000324,0.561,0.0605,653,0.00442,0.00341,25.95
