vm,vs,vw,qm,qs,qw,lmp,lm,npaths,rm,rw,anb
9.0,15.07,3.81,0.000526,0.00067,0.000147,0.526,0.0605,236,0.00442,0.00337,36.17
