vm,vs,vw,qm,qs,qw,lmp,lm,npaths,rm,rw,anb
6.73,6.8,6.67,0.000424,0.000536,0.000203,0.56,0.0605,603,0.00442,0.00341,56.99
