vm,vs,vw,qm,qs,qw,lmp,lm,npaths,rm,rw,anb
10.11,14.51,27.82,0.000494,0.000538,0.000929,0.601,0.0605,669,0.00442,0.00346,52.92
