vm,vs,vw,qm,qs,qw,lmp,lm,npaths,rm,rw,anb
0.27,0.24,0.36,1.76e-05,1.93e-05,1.82e-05,0.534,0.0605,466,0.00442,0.00338,3.66
