vm,vs,vw,qm,qs,qw,lmp,lm,npaths,rm,rw,anb
4.39,4.98,4.9,0.000297,0.000373,0.000221,0.527,0.0605,384,0.00442,0.00338,20.83
