vm,vs,vw,qm,qs,qw,lmp,lm,npaths,rm,rw,anb
10.24,17.15,4.33,0.000599,0.000762,0.000167,0.526,0.0605,236,0.00442,0.00337,38.94
