vm,vs,vw,qm,qs,qw,lmp,lm,npaths,rm,rw,anb
6.6,6.02,9.01,0.000436,0.000477,0.000452,0.534,0.0605,466,0.00442,0.00338,47.42
