vm,vs,vw,qm,qs,qw,lmp,lm,npaths,rm,rw,anb
2.79,4.68,1.18,0.000163,0.000208,4.57e-05,0.526,0.0605,236,0.00442,0.00337,14.13
