vm,vs,vw,qm,qs,qw,lmp,lm,npaths,rm,rw,anb
6.46,7.32,7.2,0.000436,0.000549,0.000325,0.527,0.0605,384,0.00442,0.00338,28.39
