vm,vs,vw,qm,qs,qw,lmp,lm,npaths,rm,rw,anb
8.52,9.66,9.5,0.000575,0.000725,0.000428,0.527,0.0605,384,0.00442,0.00338,35.74
