vm,vs,vw,qm,qs,qw,lmp,lm,npaths,rm,rw,anb
5.35,8.84,2.02,0.000312,0.000376,8.17e-05,0.531,0.0605,354,0.00442,0.00338,25.46
