vm,vs,vw,qm,qs,qw,lmp,lm,npaths,rm,rw,anb
12.18,13.73,29.52,0.000661,0.000509,0.000913,0.511,0.0605,417,0.00442,0.00337,46.21
