vm,vs,vw,qm,qs,qw,lmp,lm,npaths,rm,rw,anb
0.28,0.26,0.34,1.8e-05,1.93e-05,1.56e-05,0.561,0.0605,653,0.00442,0.00341,2.41
