vm,vs,vw,qm,qs,qw,lmp,lm,npaths,rm,rw,anb
7.95,7.49,9.84,0.000518,0.000554,0.000448,0.561,0.0605,653,0.00442,0.00341,33.08
