vm,vs,vw,qm,qs,qw,lmp,lm,npaths,rm,rw,anb
6.61,10.92,2.49,0.000385,0.000464,0.000101,0.531,0.0605,354,0.00442,0.00338,29.11
