vm,vs,vw,qm,qs,qw,lmp,lm,npaths,rm,rw,anb
5.28,8.84,2.23,0.000309,0.000393,8.62e-05,0.526,0.0605,236,0.00442,0.00337,22.24
