vm,vs,vw,qm,qs,qw,lmp,lm,npaths,rm,rw,anb
4.28,4.83,10.38,0.000232,0.000179,0.000321,0.511,0.0605,417,0.00442,0.00337,21.94
