vm,vs,vw,qm,qs,qw,lmp,lm,npaths,rm,rw,anb
36.54,27.19,38.64,0.000739,0.00065,0.00068,0.327,0.0532,227,0.00245,0.00243,178.75
