vm,vs,vw,qm,qs,qw,lmp,lm,npaths,rm,rw,anb
11.35,8.28,12.46,0.000201,0.000152,0.000174,0.291,0.0532,160,0.00245,0.00231,45.63
