vm,vs,vw,qm,qs,qw,lmp,lm,npaths,rm,rw,anb
40.56,37.49,39.12,0.000773,0.000807,0.000569,0.284,0.0532,63,0.00245,0.0023,165.27
