vm,vs,vw,qm,qs,qw,lmp,lm,npaths,rm,rw,anb
12.35,10.06,12.72,0.000242,0.000218,0.000218,0.358,0.0532,330,0.00245,0.00244,100.33
