vm,vs,vw,qm,qs,qw,lmp,lm,npaths,rm,rw,anb
41.58,30.94,43.96,0.000841,0.000739,0.000774,0.327,0.0532,227,0.00245,0.00243,196.15
