vm,vs,vw,qm,qs,qw,lmp,lm,npaths,rm,rw,anb
31.5,23.44,33.31,0.000637,0.00056,0.000587,0.327,0.0532,227,0.00245,0.00243,161.29
