vm,vs,vw,qm,qs,qw,lmp,lm,npaths,rm,rw,anb
18.27,13.36,17.19,0.000325,0.00023,0.000293,0.356,0.0532,285,0.00245,0.00242,84.26
