vm,vs,vw,qm,qs,qw,lmp,lm,npaths,rm,rw,anb
16.39,11.96,18.0,0.00029,0.00022,0.000251,0.291,0.0532,160,0.00245,0.00231,63.33
