vm,vs,vw,qm,qs,qw,lmp,lm,npaths,rm,rw,anb
15.99,14.78,15.42,0.000305,0.000318,0.000224,0.284,0.0532,63,0.00245,0.0023,79.9
