vm,vs,vw,qm,qs,qw,lmp,lm,npaths,rm,rw,anb
1.34,1.04,1.58,2.42e-05,2.06e-05,2.19e-05,0.3,0.0532,160,0.00245,0.00236,10.11
