vm,vs,vw,qm,qs,qw,lmp,lm,npaths,rm,rw,anb
26.47,19.31,29.07,0.000469,0.000355,0.000405,0.291,0.0532,160,0.00245,0.00231,95.57
