vm,vs,vw,qm,qs,qw,lmp,lm,npaths,rm,rw,anb
1.38,1.13,1.42,2.71e-05,2.44e-05,2.44e-05,0.358,0.0532,330,0.00245,0.00244,18.07
