vm,vs,vw,qm,qs,qw,lmp,lm,npaths,rm,rw,anb
45.48,42.04,43.86,0.000867,0.000905,0.000638,0.284,0.0532,63,0.00245,0.0023,183.81
