vm,vs,vw,qm,qs,qw,lmp,lm,npaths,rm,rw,anb
33.27,25.65,39.09,0.000599,0.000511,0.000542,0.3,0.0532,160,0.00245,0.00236,125.9
