vm,vs,vw,qm,qs,qw,lmp,lm,npaths,rm,rw,anb
43.05,38.74,35.62,0.000858,0.000871,0.000636,0.314,0.0532,150,0.00245,0.00244,171.55
