vm,vs,vw,qm,qs,qw,lmp,lm,npaths,rm,rw,anb
20.9,19.32,20.16,0.000398,0.000416,0.000293,0.284,0.0532,63,0.00245,0.0023,96.65
