vm,vs,vw,qm,qs,qw,lmp,lm,npaths,rm,rw,anb
10.69,8.54,9.78,0.000217,0.000213,0.000158,0.287,0.0532,118,0.00245,0.00232,52.91
