vm,vs,vw,qm,qs,qw,lmp,lm,npaths,rm,rw,anb
7.04,5.14,6.62,0.000125,8.84e-05,0.000113,0.356,0.0532,285,0.00245,0.00242,44.28
