vm,vs,vw,qm,qs,qw,lmp,lm,npaths,rm,rw,anb
1.42,1.04,1.33,2.52e-05,1.78e-05,2.27e-05,0.356,0.0532,285,0.00245,0.00242,11.87
