vm,vs,vw,qm,qs,qw,lmp,lm,npaths,rm,rw,anb
32.62,29.35,26.99,0.00065,0.00066,0.000482,0.314,0.0532,150,0.00245,0.00244,132.96
