vm,vs,vw,qm,qs,qw,lmp,lm,npaths,rm,rw,anb
43.91,33.86,51.6,0.000791,0.000674,0.000716,0.3,0.0532,160,0.00245,0.00236,161.56
