vm,vs,vw,qm,qs,qw,lmp,lm,npaths,rm,rw,anb
6.87,5.59,7.07,0.000134,0.000121,0.000121,0.358,0.0532,330,0.00245,0.00244,66.45
