vm,vs,vw,qm,qs,qw,lmp,lm,npaths,rm,rw,anb
46.64,34.01,51.2,0.000826,0.000625,0.000714,0.291,0.0532,160,0.00245,0.00231,162.28
