vm,vs,vw,qm,qs,qw,lmp,lm,npaths,rm,rw,anb
1.27,0.95,1.34,2.57e-05,2.26e-05,2.37e-05,0.327,0.0532,227,0.00245,0.00243,12.62
