vm,vs,vw,qm,qs,qw,lmp,lm,npaths,rm,rw,anb
6.16,5.69,5.94,0.000117,0.000122,8.64e-05,0.284,0.0532,63,0.00245,0.0023,40.44
