vm,vs,vw,qm,qs,qw,lmp,lm,npaths,rm,rw,anb
1.32,1.18,1.09,2.62e-05,2.66e-05,1.94e-05,0.314,0.0532,150,0.00245,0.00244,11.5
