vm,vs,vw,qm,qs,qw,lmp,lm,npaths,rm,rw,anb
11.07,10.23,10.68,0.000211,0.00022,0.000155,0.284,0.0532,63,0.00245,0.0023,57.96
