vm,vs,vw,qm,qs,qw,lmp,lm,npaths,rm,rw,anb
20.18,16.13,18.46,0.000409,0.000401,0.000298,0.287,0.0532,118,0.00245,0.00232,89.24
