vm,vs,vw,qm,qs,qw,lmp,lm,npaths,rm,rw,anb
36.56,26.66,40.14,0.000648,0.00049,0.00056,0.291,0.0532,160,0.00245,0.00231,128.12
