vm,vs,vw,qm,qs,qw,lmp,lm,npaths,rm,rw,anb
26.47,19.69,27.98,0.000535,0.000471,0.000493,0.327,0.0532,227,0.00245,0.00243,138.04
