vm,vs,vw,qm,qs,qw,lmp,lm,npaths,rm,rw,anb
39.78,32.4,40.94,0.000779,0.000701,0.000701,0.358,0.0532,330,0.00245,0.00244,207.38
