vm,vs,vw,qm,qs,qw,lmp,lm,npaths,rm,rw,anb
31.52,22.98,34.6,0.000558,0.000422,0.000483,0.291,0.0532,160,0.00245,0.00231,113.75
