vm,vs,vw,qm,qs,qw,lmp,lm,npaths,rm,rw,anb
6.31,4.69,6.67,0.000128,0.000112,0.000117,0.327,0.0532,227,0.00245,0.00243,59.85
