vm,vs,vw,qm,qs,qw,lmp,lm,npaths,rm,rw,anb
39.17,31.3,35.82,0.000794,0.000779,0.000578,0.287,0.0532,118,0.00245,0.00232,160.26
