vm,vs,vw,qm,qs,qw,lmp,lm,npaths,rm,rw,anb
5.94,4.75,5.44,0.00012,0.000118,8.77e-05,0.287,0.0532,118,0.00245,0.00232,35.6
