vm,vs,vw,qm,qs,qw,lmp,lm,npaths,rm,rw,anb
17.31,13.34,20.34,0.000312,0.000266,0.000282,0.3,0.0532,160,0.00245,0.00236,69.16
