vm,vs,vw,qm,qs,qw,lmp,lm,npaths,rm,rw,anb
34.3,27.93,35.3,0.000671,0.000604,0.000604,0.358,0.0532,330,0.00245,0.00244,193.22
