vm,vs,vw,qm,qs,qw,lmp,lm,npaths,rm,rw,anb
12.65,9.25,11.91,0.000225,0.000159,0.000203,0.356,0.0532,285,0.00245,0.00242,67.03
