vm,vs,vw,qm,qs,qw,lmp,lm,npaths,rm,rw,anb
6.53,5.88,5.41,0.00013,0.000132,9.65e-05,0.314,0.0532,150,0.00245,0.00244,34.91
