vm,vs,vw,qm,qs,qw,lmp,lm,npaths,rm,rw,anb
46.62,34.69,49.29,0.000943,0.000829,0.000868,0.327,0.0532,227,0.00245,0.00243,217.07
