vm,vs,vw,qm,qs,qw,lmp,lm,npaths,rm,rw,anb
11.99,9.24,14.08,0.000216,0.000184,0.000195,0.3,0.0532,160,0.00245,0.00236,49.73
