vm,vs,vw,qm,qs,qw,lmp,lm,npaths,rm,rw,anb
16.39,12.19,17.33,0.000331,0.000291,0.000305,0.327,0.0532,227,0.00245,0.00243,103.07
