vm,vs,vw,qm,qs,qw,lmp,lm,npaths,rm,rw,anb
1.27,0.93,1.4,2.25e-05,1.7e-05,1.95e-05,0.291,0.0532,160,0.00245,0.00231,8.84
