vm,vs,vw,qm,qs,qw,lmp,lm,npaths,rm,rw,anb
40.74,29.78,38.34,0.000725,0.000512,0.000653,0.356,0.0532,285,0.00245,0.00242,153.45
