vm,vs,vw,qm,qs,qw,lmp,lm,npaths,rm,rw,anb
27.4,24.66,22.67,0.000546,0.000555,0.000405,0.314,0.0532,150,0.00245,0.00244,113.8
