vm,vs,vw,qm,qs,qw,lmp,lm,npaths,rm,rw,anb
21.43,15.63,23.53,0.00038,0.000287,0.000328,0.291,0.0532,160,0.00245,0.00231,79.22
