vm,vs,vw,qm,qs,qw,lmp,lm,npaths,rm,rw,anb
23.89,17.46,22.48,0.000425,0.0003,0.000383,0.356,0.0532,285,0.00245,0.00242,99.09
