vm,vs,vw,qm,qs,qw,lmp,lm,npaths,rm,rw,anb
37.84,34.05,31.31,0.000754,0.000766,0.000559,0.314,0.0532,150,0.00245,0.00244,152.5
