vm,vs,vw,qm,qs,qw,lmp,lm,npaths,rm,rw,anb
16.97,15.27,14.04,0.000338,0.000343,0.000251,0.314,0.0532,150,0.00245,0.00244,76.77
