vm,vs,vw,qm,qs,qw,lmp,lm,npaths,rm,rw,anb
24.93,19.92,22.8,0.000505,0.000496,0.000368,0.287,0.0532,118,0.00245,0.00232,108.03
