vm,vs,vw,qm,qs,qw,lmp,lm,npaths,rm,rw,anb
43.91,35.09,40.16,0.00089,0.000873,0.000648,0.287,0.0532,118,0.00245,0.00232,182.3
