vm,vs,vw,qm,qs,qw,lmp,lm,npaths,rm,rw,anb
38.59,29.76,45.35,0.000695,0.000592,0.000629,0.3,0.0532,160,0.00245,0.00236,142.04
