vm,vs,vw,qm,qs,qw,lmp,lm,npaths,rm,rw,anb
11.75,10.57,9.72,0.000234,0.000238,0.000174,0.314,0.0532,150,0.00245,0.00244,53.7
