vm,vs,vw,qm,qs,qw,lmp,lm,npaths,rm,rw,anb
1.2,0.96,1.1,2.43e-05,2.38e-05,1.77e-05,0.287,0.0532,118,0.00245,0.00232,10.81
