vm,vs,vw,qm,qs,qw,lmp,lm,npaths,rm,rw,anb
15.44,12.34,14.12,0.000313,0.000307,0.000228,0.287,0.0532,118,0.00245,0.00232,73.01
