vm,vs,vw,qm,qs,qw,lmp,lm,npaths,rm,rw,anb
35.65,32.95,34.38,0.000679,0.000709,0.0005,0.284,0.0532,63,0.00245,0.0023,150.64
