vm,vs,vw,qm,qs,qw,lmp,lm,npaths,rm,rw,anb
11.35,8.44,12.0,0.000229,0.000202,0.000211,0.327,0.0532,227,0.00245,0.00243,90.72
