vm,vs,vw,qm,qs,qw,lmp,lm,npaths,rm,rw,anb
35.12,25.68,33.05,0.000625,0.000441,0.000563,0.356,0.0532,285,0.00245,0.00242,136.05
