vm,vs,vw,qm,qs,qw,lmp,lm,npaths,rm,rw,anb
51.98,38.0,48.92,0.000924,0.000653,0.000834,0.356,0.0532,285,0.00245,0.00242,194.45
