vm,vs,vw,qm,qs,qw,lmp,lm,npaths,rm,rw,anb
23.33,19.0,24.01,0.000457,0.000411,0.000411,0.358,0.0532,330,0.00245,0.00244,158.16
