vm,vs,vw,qm,qs,qw,lmp,lm,npaths,rm,rw,anb
29.51,21.57,27.77,0.000525,0.000371,0.000473,0.356,0.0532,285,0.00245,0.00242,121.72
