vm,vs,vw,qm,qs,qw,lmp,lm,npaths,rm,rw,anb
17.84,14.53,18.36,0.000349,0.000314,0.000314,0.358,0.0532,330,0.00245,0.00244,126.72
