vm,vs,vw,qm,qs,qw,lmp,lm,npaths,rm,rw,anb
46.36,33.89,43.63,0.000824,0.000583,0.000743,0.356,0.0532,285,0.00245,0.00242,172.57
