vm,vs,vw,qm,qs,qw,lmp,lm,npaths,rm,rw,anb
22.18,19.96,18.36,0.000442,0.000449,0.000328,0.314,0.0532,150,0.00245,0.00244,92.72
