vm,vs,vw,qm,qs,qw,lmp,lm,npaths,rm,rw,anb
28.81,23.46,29.65,0.000564,0.000507,0.000507,0.358,0.0532,330,0.00245,0.00244,173.46
