vm,vs,vw,qm,qs,qw,lmp,lm,npaths,rm,rw,anb
6.66,5.14,7.83,0.00012,0.000102,0.000109,0.3,0.0532,160,0.00245,0.00236,33.16
