vm,vs,vw,qm,qs,qw,lmp,lm,npaths,rm,rw,anb
30.73,28.41,29.64,0.000586,0.000612,0.000431,0.284,0.0532,63,0.00245,0.0023,130.45
