vm,vs,vw,qm,qs,qw,lmp,lm,npaths,rm,rw,anb
6.31,4.6,6.93,0.000112,8.46e-05,9.67e-05,0.291,0.0532,160,0.00245,0.00231,29.21
