vm,vs,vw,qm,qs,qw,lmp,lm,npaths,rm,rw,anb
50.75,41.33,52.23,0.000993,0.000894,0.000894,0.358,0.0532,330,0.00245,0.00244,246.48
