vm,vs,vw,qm,qs,qw,lmp,lm,npaths,rm,rw,anb
48.27,43.44,39.94,0.000962,0.000977,0.000713,0.314,0.0532,150,0.00245,0.00244,190.22
