vm,vs,vw,qm,qs,qw,lmp,lm,npaths,rm,rw,anb
21.43,15.94,22.65,0.000433,0.000381,0.000399,0.327,0.0532,227,0.00245,0.00243,123.79
