vm,vs,vw,qm,qs,qw,lmp,lm,npaths,rm,rw,anb
41.6,30.33,45.67,0.000737,0.000558,0.000637,0.291,0.0532,160,0.00245,0.00231,145.88
