vm,vs,vw,qm,qs,qw,lmp,lm,npaths,rm,rw,anb
34.42,27.51,31.48,0.000698,0.000684,0.000508,0.287,0.0532,118,0.00245,0.00232,145.72
