vm,vs,vw,qm,qs,qw,lmp,lm,npaths,rm,rw,anb
25.82,23.86,24.9,0.000492,0.000514,0.000362,0.284,0.0532,63,0.00245,0.0023,113.64
