vm,vs,vw,qm,qs,qw,lmp,lm,npaths,rm,rw,anb
29.68,23.72,27.14,0.000602,0.00059,0.000438,0.287,0.0532,118,0.00245,0.00232,126.59
