vm,vs,vw,qm,qs,qw,lmp,lm,npaths,rm,rw,anb
27.95,21.55,32.84,0.000503,0.000429,0.000456,0.3,0.0532,160,0.00245,0.00236,105.85
