vm,vs,vw,qm,qs,qw,lmp,lm,npaths,rm,rw,anb
22.63,17.45,26.59,0.000407,0.000347,0.000369,0.3,0.0532,160,0.00245,0.00236,88.6
