vm,vs,vw,qm,qs,qw,lmp,lm,npaths,rm,rw,anb
49.23,37.96,57.85,0.000887,0.000756,0.000803,0.3,0.0532,160,0.00245,0.00236,179.28
