vm,vs,vw,qm,qs,qw,lmp,lm,npaths,rm,rw,anb
45.27,36.87,46.59,0.000886,0.000797,0.000797,0.358,0.0532,330,0.00245,0.00244,228.41
