vm,vs,vw,qm,qs,qw,lmp,lm,npaths,rm,rw,anb
7.1,9.61,8.51,0.00026,0.000345,0.000214,0.848,0.0482,1480,0.00343,0.00273,38.57
