vm,vs,vw,qm,qs,qw,lmp,lm,npaths,rm,rw,anb
2.94,2.56,2.6,0.000119,0.000115,7.46e-05,0.833,0.0482,3154,0.00343,0.00275,31.96
