vm,vs,vw,qm,qs,qw,lmp,lm,npaths,rm,rw,anb
8.26,7.6,6.2,0.000338,0.000356,0.000172,0.748,0.0482,884,0.00343,0.00279,43.88
