vm,vs,vw,qm,qs,qw,lmp,lm,npaths,rm,rw,anb
0.63,0.6,0.47,2.55e-05,2.78e-05,1.3e-05,0.774,0.0482,942,0.00343,0.00278,5.04
