vm,vs,vw,qm,qs,qw,lmp,lm,npaths,rm,rw,anb
15.45,14.38,14.19,0.000611,0.000603,0.000408,0.811,0.0482,1921,0.00343,0.00275,116.79
