vm,vs,vw,qm,qs,qw,lmp,lm,npaths,rm,rw,anb
11.52,14.92,22.69,0.000374,0.000418,0.000543,0.551,0.0482,150,0.00343,0.00267,48.7
