vm,vs,vw,qm,qs,qw,lmp,lm,npaths,rm,rw,anb
18.66,16.06,15.02,0.000775,0.000773,0.000423,0.802,0.0482,1994,0.00343,0.00278,91.79
