vm,vs,vw,qm,qs,qw,lmp,lm,npaths,rm,rw,anb
14.69,12.76,12.96,0.000596,0.000574,0.000373,0.833,0.0482,3154,0.00343,0.00275,119.59
