vm,vs,vw,qm,qs,qw,lmp,lm,npaths,rm,rw,anb
5.8,4.99,4.67,0.000241,0.00024,0.000132,0.802,0.0482,1994,0.00343,0.00278,39.54
