vm,vs,vw,qm,qs,qw,lmp,lm,npaths,rm,rw,anb
16.09,13.85,12.95,0.000669,0.000667,0.000365,0.802,0.0482,1994,0.00343,0.00278,81.11
