vm,vs,vw,qm,qs,qw,lmp,lm,npaths,rm,rw,anb
15.57,14.84,11.56,0.000631,0.000688,0.000323,0.774,0.0482,942,0.00343,0.00278,70.92
