vm,vs,vw,qm,qs,qw,lmp,lm,npaths,rm,rw,anb
5.32,4.52,4.35,0.000221,0.00021,0.000125,0.814,0.0482,2554,0.00343,0.00277,43.46
