vm,vs,vw,qm,qs,qw,lmp,lm,npaths,rm,rw,anb
17.58,16.37,16.14,0.000696,0.000686,0.000464,0.811,0.0482,1921,0.00343,0.00275,124.32
