vm,vs,vw,qm,qs,qw,lmp,lm,npaths,rm,rw,anb
6.93,6.45,6.36,0.000274,0.00027,0.000183,0.811,0.0482,1921,0.00343,0.00275,64.56
