vm,vs,vw,qm,qs,qw,lmp,lm,npaths,rm,rw,anb
3.17,3.94,3.43,0.000107,0.000114,8.22e-05,0.62,0.0482,223,0.00343,0.00272,20.87
