vm,vs,vw,qm,qs,qw,lmp,lm,npaths,rm,rw,anb
9.33,12.08,18.37,0.000303,0.000339,0.00044,0.551,0.0482,150,0.00343,0.00267,41.38
