vm,vs,vw,qm,qs,qw,lmp,lm,npaths,rm,rw,anb
0.54,0.5,0.49,2.13e-05,2.1e-05,1.42e-05,0.811,0.0482,1921,0.00343,0.00275,5.98
