vm,vs,vw,qm,qs,qw,lmp,lm,npaths,rm,rw,anb
10.8,9.94,8.1,0.000442,0.000466,0.000225,0.748,0.0482,884,0.00343,0.00279,55.0
