vm,vs,vw,qm,qs,qw,lmp,lm,npaths,rm,rw,anb
19.39,16.84,17.1,0.000786,0.000757,0.000492,0.833,0.0482,3154,0.00343,0.00275,147.29
