vm,vs,vw,qm,qs,qw,lmp,lm,npaths,rm,rw,anb
8.24,10.23,8.91,0.000278,0.000296,0.000213,0.62,0.0482,223,0.00343,0.00272,47.84
