vm,vs,vw,qm,qs,qw,lmp,lm,npaths,rm,rw,anb
19.71,18.35,18.1,0.00078,0.000769,0.00052,0.811,0.0482,1921,0.00343,0.00275,139.8
