vm,vs,vw,qm,qs,qw,lmp,lm,npaths,rm,rw,anb
13.78,18.65,16.52,0.000505,0.000669,0.000415,0.848,0.0482,1480,0.00343,0.00273,66.32
