vm,vs,vw,qm,qs,qw,lmp,lm,npaths,rm,rw,anb
7.4,6.65,5.35,0.000303,0.000309,0.00015,0.728,0.0482,1016,0.00343,0.00279,47.7
