vm,vs,vw,qm,qs,qw,lmp,lm,npaths,rm,rw,anb
5.29,4.6,4.67,0.000215,0.000207,0.000134,0.833,0.0482,3154,0.00343,0.00275,48.15
