vm,vs,vw,qm,qs,qw,lmp,lm,npaths,rm,rw,anb
0.57,0.52,0.41,2.35e-05,2.4e-05,1.17e-05,0.728,0.0482,1016,0.00343,0.00279,6.77
