vm,vs,vw,qm,qs,qw,lmp,lm,npaths,rm,rw,anb
11.95,10.74,8.63,0.000489,0.000499,0.000243,0.728,0.0482,1016,0.00343,0.00279,67.29
