vm,vs,vw,qm,qs,qw,lmp,lm,npaths,rm,rw,anb
13.31,16.52,14.39,0.00045,0.000477,0.000345,0.62,0.0482,223,0.00343,0.00272,70.83
