vm,vs,vw,qm,qs,qw,lmp,lm,npaths,rm,rw,anb
12.41,10.55,10.14,0.000515,0.00049,0.000292,0.814,0.0482,2554,0.00343,0.00277,99.01
