vm,vs,vw,qm,qs,qw,lmp,lm,npaths,rm,rw,anb
5.71,7.08,6.17,0.000193,0.000205,0.000148,0.62,0.0482,223,0.00343,0.00272,33.52
