vm,vs,vw,qm,qs,qw,lmp,lm,npaths,rm,rw,anb
12.11,16.39,14.52,0.000444,0.000588,0.000365,0.848,0.0482,1480,0.00343,0.00273,61.11
