vm,vs,vw,qm,qs,qw,lmp,lm,npaths,rm,rw,anb
13.52,11.63,10.88,0.000562,0.00056,0.000307,0.802,0.0482,1994,0.00343,0.00278,71.42
