vm,vs,vw,qm,qs,qw,lmp,lm,npaths,rm,rw,anb
0.65,0.56,0.52,2.7e-05,2.69e-05,1.47e-05,0.802,0.0482,1994,0.00343,0.00278,7.6
