vm,vs,vw,qm,qs,qw,lmp,lm,npaths,rm,rw,anb
5.61,5.35,4.17,0.000227,0.000248,0.000116,0.774,0.0482,942,0.00343,0.00278,28.72
