vm,vs,vw,qm,qs,qw,lmp,lm,npaths,rm,rw,anb
18.06,17.22,13.41,0.000732,0.000798,0.000374,0.774,0.0482,942,0.00343,0.00278,81.65
