vm,vs,vw,qm,qs,qw,lmp,lm,npaths,rm,rw,anb
2.67,2.48,2.45,0.000106,0.000104,7.04e-05,0.811,0.0482,1921,0.00343,0.00275,27.67
