vm,vs,vw,qm,qs,qw,lmp,lm,npaths,rm,rw,anb
2.96,2.52,2.42,0.000123,0.000117,6.95e-05,0.814,0.0482,2554,0.00343,0.00277,26.46
