vm,vs,vw,qm,qs,qw,lmp,lm,npaths,rm,rw,anb
10.78,13.38,11.65,0.000364,0.000387,0.000279,0.62,0.0482,223,0.00343,0.00272,58.82
