vm,vs,vw,qm,qs,qw,lmp,lm,npaths,rm,rw,anb
16.5,14.83,11.92,0.000676,0.000689,0.000336,0.728,0.0482,1016,0.00343,0.00279,85.92
