vm,vs,vw,qm,qs,qw,lmp,lm,npaths,rm,rw,anb
7.64,6.64,6.74,0.00031,0.000298,0.000194,0.833,0.0482,3154,0.00343,0.00275,67.27
