vm,vs,vw,qm,qs,qw,lmp,lm,npaths,rm,rw,anb
3.22,2.77,2.59,0.000134,0.000134,7.31e-05,0.802,0.0482,1994,0.00343,0.00278,27.6
