vm,vs,vw,qm,qs,qw,lmp,lm,npaths,rm,rw,anb
10.94,9.42,8.81,0.000455,0.000453,0.000248,0.802,0.0482,1994,0.00343,0.00278,60.2
