vm,vs,vw,qm,qs,qw,lmp,lm,npaths,rm,rw,anb
2.09,2.83,2.51,7.66e-05,0.000102,6.3e-05,0.848,0.0482,1480,0.00343,0.00273,14.07
