vm,vs,vw,qm,qs,qw,lmp,lm,npaths,rm,rw,anb
19.5,16.57,15.93,0.000809,0.00077,0.000458,0.814,0.0482,2554,0.00343,0.00277,140.4
