vm,vs,vw,qm,qs,qw,lmp,lm,npaths,rm,rw,anb
8.37,7.2,6.74,0.000348,0.000347,0.00019,0.802,0.0482,1994,0.00343,0.00278,51.44
