vm,vs,vw,qm,qs,qw,lmp,lm,npaths,rm,rw,anb
9.99,8.68,8.81,0.000405,0.00039,0.000253,0.833,0.0482,3154,0.00343,0.00275,89.01
