vm,vs,vw,qm,qs,qw,lmp,lm,npaths,rm,rw,anb
13.33,12.28,10.01,0.000545,0.000575,0.000277,0.748,0.0482,884,0.00343,0.00279,64.58
