vm,vs,vw,qm,qs,qw,lmp,lm,npaths,rm,rw,anb
13.32,12.4,12.23,0.000527,0.000519,0.000352,0.811,0.0482,1921,0.00343,0.00275,107.58
