vm,vs,vw,qm,qs,qw,lmp,lm,npaths,rm,rw,anb
0.42,0.57,0.51,1.54e-05,2.05e-05,1.27e-05,0.848,0.0482,1480,0.00343,0.00273,3.63
