vm,vs,vw,qm,qs,qw,lmp,lm,npaths,rm,rw,anb
4.94,6.4,9.73,0.00016,0.000179,0.000233,0.551,0.0482,150,0.00343,0.00267,25.17
