vm,vs,vw,qm,qs,qw,lmp,lm,npaths,rm,rw,anb
8.77,11.87,10.51,0.000321,0.000426,0.000264,0.848,0.0482,1480,0.00343,0.00273,46.21
