vm,vs,vw,qm,qs,qw,lmp,lm,npaths,rm,rw,anb
12.34,10.72,10.88,0.0005,0.000482,0.000313,0.833,0.0482,3154,0.00343,0.00275,104.75
