vm,vs,vw,qm,qs,qw,lmp,lm,npaths,rm,rw,anb
20.29,26.28,39.96,0.000659,0.000737,0.000957,0.551,0.0482,150,0.00343,0.00267,77.79
