vm,vs,vw,qm,qs,qw,lmp,lm,npaths,rm,rw,anb
10.05,8.54,8.21,0.000417,0.000397,0.000236,0.814,0.0482,2554,0.00343,0.00277,79.75
