vm,vs,vw,qm,qs,qw,lmp,lm,npaths,rm,rw,anb
0.6,0.51,0.49,2.48e-05,2.36e-05,1.4e-05,0.814,0.0482,2554,0.00343,0.00277,6.02
