vm,vs,vw,qm,qs,qw,lmp,lm,npaths,rm,rw,anb
18.78,16.87,13.56,0.000769,0.000784,0.000382,0.728,0.0482,1016,0.00343,0.00279,95.5
