vm,vs,vw,qm,qs,qw,lmp,lm,npaths,rm,rw,anb
2.85,2.56,2.06,0.000117,0.000119,5.79e-05,0.728,0.0482,1016,0.00343,0.00279,25.83
