vm,vs,vw,qm,qs,qw,lmp,lm,npaths,rm,rw,anb
15.84,19.67,17.13,0.000535,0.000568,0.00041,0.62,0.0482,223,0.00343,0.00272,81.3
