vm,vs,vw,qm,qs,qw,lmp,lm,npaths,rm,rw,anb
3.18,2.93,2.39,0.00013,0.000137,6.62e-05,0.748,0.0482,884,0.00343,0.00279,21.56
