vm,vs,vw,qm,qs,qw,lmp,lm,npaths,rm,rw,anb
18.38,22.81,19.87,0.000621,0.000659,0.000476,0.62,0.0482,223,0.00343,0.00272,94.66
