vm,vs,vw,qm,qs,qw,lmp,lm,npaths,rm,rw,anb
21.05,18.92,15.21,0.000862,0.000879,0.000428,0.728,0.0482,1016,0.00343,0.00279,104.44
