vm,vs,vw,qm,qs,qw,lmp,lm,npaths,rm,rw,anb
17.14,14.57,14.0,0.000711,0.000677,0.000403,0.814,0.0482,2554,0.00343,0.00277,131.62
