vm,vs,vw,qm,qs,qw,lmp,lm,npaths,rm,rw,anb
0.64,0.79,0.69,2.16e-05,2.29e-05,1.66e-05,0.62,0.0482,223,0.00343,0.00272,5.02
