vm,vs,vw,qm,qs,qw,lmp,lm,npaths,rm,rw,anb
3.12,2.97,2.32,0.000126,0.000138,6.46e-05,0.774,0.0482,942,0.00343,0.00278,17.11
