vm,vs,vw,qm,qs,qw,lmp,lm,npaths,rm,rw,anb
7.13,9.24,14.05,0.000232,0.000259,0.000336,0.551,0.0482,150,0.00343,0.00267,32.92
