vm,vs,vw,qm,qs,qw,lmp,lm,npaths,rm,rw,anb
23.81,20.49,19.16,0.000989,0.000986,0.00054,0.802,0.0482,1994,0.00343,0.00278,115.19
