vm,vs,vw,qm,qs,qw,lmp,lm,npaths,rm,rw,anb
13.71,17.76,27.01,0.000445,0.000498,0.000646,0.551,0.0482,150,0.00343,0.00267,55.75
