vm,vs,vw,qm,qs,qw,lmp,lm,npaths,rm,rw,anb
5.13,4.61,3.7,0.00021,0.000214,0.000104,0.728,0.0482,1016,0.00343,0.00279,39.37
