vm,vs,vw,qm,qs,qw,lmp,lm,npaths,rm,rw,anb
23.45,29.1,25.35,0.000792,0.000841,0.000607,0.62,0.0482,223,0.00343,0.00272,112.99
