vm,vs,vw,qm,qs,qw,lmp,lm,npaths,rm,rw,anb
11.19,10.42,10.27,0.000443,0.000436,0.000295,0.811,0.0482,1921,0.00343,0.00275,95.28
