vm,vs,vw,qm,qs,qw,lmp,lm,npaths,rm,rw,anb
14.78,12.56,12.07,0.000613,0.000584,0.000347,0.814,0.0482,2554,0.00343,0.00277,114.54
