vm,vs,vw,qm,qs,qw,lmp,lm,npaths,rm,rw,anb
23.03,21.96,17.11,0.000934,0.00102,0.000477,0.774,0.0482,942,0.00343,0.00278,101.3
