vm,vs,vw,qm,qs,qw,lmp,lm,npaths,rm,rw,anb
21.86,18.58,17.86,0.000908,0.000864,0.000514,0.814,0.0482,2554,0.00343,0.00277,157.36
