vm,vs,vw,qm,qs,qw,lmp,lm,npaths,rm,rw,anb
3.76,5.09,4.51,0.000138,0.000183,0.000113,0.848,0.0482,1480,0.00343,0.00273,22.67
