vm,vs,vw,qm,qs,qw,lmp,lm,npaths,rm,rw,anb
18.1,23.44,35.64,0.000588,0.000657,0.000853,0.551,0.0482,150,0.00343,0.00267,70.93
