vm,vs,vw,qm,qs,qw,lmp,lm,npaths,rm,rw,anb
20.54,19.59,15.26,0.000833,0.000908,0.000426,0.774,0.0482,942,0.00343,0.00278,91.71
