vm,vs,vw,qm,qs,qw,lmp,lm,npaths,rm,rw,anb
13.08,12.47,9.71,0.00053,0.000578,0.000271,0.774,0.0482,942,0.00343,0.00278,61.45
