vm,vs,vw,qm,qs,qw,lmp,lm,npaths,rm,rw,anb
21.74,18.88,19.17,0.000881,0.000849,0.000551,0.833,0.0482,3154,0.00343,0.00275,175.95
