vm,vs,vw,qm,qs,qw,lmp,lm,npaths,rm,rw,anb
15.87,14.62,11.91,0.000649,0.000685,0.00033,0.748,0.0482,884,0.00343,0.00279,76.27
