vm,vs,vw,qm,qs,qw,lmp,lm,npaths,rm,rw,anb
10.44,14.13,12.51,0.000382,0.000507,0.000315,0.848,0.0482,1480,0.00343,0.00273,52.43
