vm,vs,vw,qm,qs,qw,lmp,lm,npaths,rm,rw,anb
17.04,14.8,15.03,0.000691,0.000665,0.000432,0.833,0.0482,3154,0.00343,0.00275,138.94
