vm,vs,vw,qm,qs,qw,lmp,lm,npaths,rm,rw,anb
21.24,18.28,17.09,0.000882,0.00088,0.000482,0.802,0.0482,1994,0.00343,0.00278,101.59
