vm,vs,vw,qm,qs,qw,lmp,lm,npaths,rm,rw,anb
9.06,8.43,8.32,0.000358,0.000353,0.000239,0.811,0.0482,1921,0.00343,0.00275,71.48
