vm,vs,vw,qm,qs,qw,lmp,lm,npaths,rm,rw,anb
20.91,25.96,22.61,0.000707,0.00075,0.000542,0.62,0.0482,223,0.00343,0.00272,100.87
