vm,vs,vw,qm,qs,qw,lmp,lm,npaths,rm,rw,anb
18.41,16.96,13.82,0.000753,0.000794,0.000383,0.748,0.0482,884,0.00343,0.00279,85.87
