vm,vs,vw,qm,qs,qw,lmp,lm,npaths,rm,rw,anb
4.8,4.47,4.41,0.00019,0.000187,0.000127,0.811,0.0482,1921,0.00343,0.00275,44.08
