vm,vs,vw,qm,qs,qw,lmp,lm,npaths,rm,rw,anb
10.59,10.09,7.86,0.000429,0.000468,0.000219,0.774,0.0482,942,0.00343,0.00278,49.68
