vm,vs,vw,qm,qs,qw,lmp,lm,npaths,rm,rw,anb
15.45,20.91,18.52,0.000566,0.00075,0.000466,0.848,0.0482,1480,0.00343,0.00273,72.78
