vm,vs,vw,qm,qs,qw,lmp,lm,npaths,rm,rw,anb
0.59,0.51,0.52,2.4e-05,2.31e-05,1.5e-05,0.833,0.0482,3154,0.00343,0.00275,8.27
