vm,vs,vw,qm,qs,qw,lmp,lm,npaths,rm,rw,anb
0.55,0.72,1.09,1.8e-05,2.01e-05,2.61e-05,0.551,0.0482,150,0.00343,0.00267,4.57
