vm,vs,vw,qm,qs,qw,lmp,lm,npaths,rm,rw,anb
5.72,5.27,4.29,0.000234,0.000247,0.000119,0.748,0.0482,884,0.00343,0.00279,32.79
