vm,vs,vw,qm,qs,qw,lmp,lm,npaths,rm,rw,anb
23.49,21.63,17.63,0.000961,0.00101,0.000489,0.748,0.0482,884,0.00343,0.00279,106.78
