vm,vs,vw,qm,qs,qw,lmp,lm,npaths,rm,rw,anb
14.23,12.78,10.28,0.000583,0.000594,0.000289,0.728,0.0482,1016,0.00343,0.00279,79.04
