vm,vs,vw,qm,qs,qw,lmp,lm,npaths,rm,rw,anb
2.75,3.56,5.41,8.92e-05,9.97e-05,0.000129,0.551,0.0482,150,0.00343,0.00267,15.55
