vm,vs,vw,qm,qs,qw,lmp,lm,npaths,rm,rw,anb
0.64,0.59,0.48,2.62e-05,2.76e-05,1.33e-05,0.748,0.0482,884,0.00343,0.00279,7.11
