vm,vs,vw,qm,qs,qw,lmp,lm,npaths,rm,rw,anb
8.1,7.72,6.02,0.000328,0.000358,0.000168,0.774,0.0482,942,0.00343,0.00278,40.51
