vm,vs,vw,qm,qs,qw,lmp,lm,npaths,rm,rw,anb
7.69,6.53,6.28,0.000319,0.000304,0.000181,0.814,0.0482,2554,0.00343,0.00277,64.67
