vm,vs,vw,qm,qs,qw,lmp,lm,npaths,rm,rw,anb
9.68,8.69,6.99,0.000396,0.000404,0.000197,0.728,0.0482,1016,0.00343,0.00279,57.33
