vm,vs,vw,qm,qs,qw,lmp,lm,npaths,rm,rw,anb
20.95,19.3,15.72,0.000857,0.000903,0.000436,0.748,0.0482,884,0.00343,0.00279,97.0
