vm,vs,vw,qm,qs,qw,lmp,lm,npaths,rm,rw,anb
15.91,20.6,31.33,0.000516,0.000577,0.00075,0.551,0.0482,150,0.00343,0.00267,62.29
