vm,vs,vw,qm,qs,qw,lmp,lm,npaths,rm,rw,anb
5.43,7.35,6.51,0.000199,0.000264,0.000164,0.848,0.0482,1480,0.00343,0.00273,30.31
