vm,vs,vw,qm,qs,qw,lmp,lm,npaths,rm,rw,anb
3.31,3.32,2.17,0.000116,0.000129,3.67e-05,0.393,0.0462,236,0.0031,0.00204,20.11
