vm,vs,vw,qm,qs,qw,lmp,lm,npaths,rm,rw,anb
15.55,13.29,8.24,0.000552,0.000552,9.42e-05,0.363,0.0462,268,0.0031,0.00197,81.59
