vm,vs,vw,qm,qs,qw,lmp,lm,npaths,rm,rw,anb
16.38,13.29,15.44,0.000532,0.000479,0.000183,0.393,0.0462,355,0.0031,0.00203,89.83
