vm,vs,vw,qm,qs,qw,lmp,lm,npaths,rm,rw,anb
6.71,8.87,14.82,0.000167,0.000185,0.000205,0.341,0.0462,150,0.0031,0.00197,35.02
