vm,vs,vw,qm,qs,qw,lmp,lm,npaths,rm,rw,anb
8.59,8.62,5.63,0.0003,0.000336,9.54e-05,0.393,0.0462,236,0.0031,0.00204,46.49
