vm,vs,vw,qm,qs,qw,lmp,lm,npaths,rm,rw,anb
18.04,15.42,9.56,0.00064,0.00064,0.000109,0.363,0.0462,268,0.0031,0.00197,93.26
