vm,vs,vw,qm,qs,qw,lmp,lm,npaths,rm,rw,anb
21.8,28.44,43.69,0.000542,0.000582,0.000616,0.316,0.0462,150,0.0031,0.00196,102.42
