vm,vs,vw,qm,qs,qw,lmp,lm,npaths,rm,rw,anb
3.47,5.12,8.65,8.51e-05,0.000111,0.000116,0.376,0.0462,260,0.0031,0.00199,19.26
