vm,vs,vw,qm,qs,qw,lmp,lm,npaths,rm,rw,anb
14.56,21.49,36.3,0.000357,0.000465,0.000487,0.376,0.0462,260,0.0031,0.00199,62.44
