vm,vs,vw,qm,qs,qw,lmp,lm,npaths,rm,rw,anb
19.48,15.27,12.46,0.000673,0.000596,0.000141,0.363,0.0462,314,0.0031,0.00197,176.04
