vm,vs,vw,qm,qs,qw,lmp,lm,npaths,rm,rw,anb
15.79,20.6,31.64,0.000393,0.000422,0.000446,0.316,0.0462,150,0.0031,0.00196,76.92
