vm,vs,vw,qm,qs,qw,lmp,lm,npaths,rm,rw,anb
20.11,29.67,50.12,0.000493,0.000642,0.000673,0.376,0.0462,260,0.0031,0.00199,78.87
