vm,vs,vw,qm,qs,qw,lmp,lm,npaths,rm,rw,anb
24.8,32.36,49.72,0.000617,0.000663,0.000701,0.316,0.0462,150,0.0031,0.00196,108.97
