vm,vs,vw,qm,qs,qw,lmp,lm,npaths,rm,rw,anb
9.77,12.75,19.59,0.000243,0.000261,0.000276,0.316,0.0462,150,0.0031,0.00196,51.88
