vm,vs,vw,qm,qs,qw,lmp,lm,npaths,rm,rw,anb
24.59,32.51,54.3,0.000612,0.000677,0.000749,0.341,0.0462,150,0.0031,0.00197,92.83
