vm,vs,vw,qm,qs,qw,lmp,lm,npaths,rm,rw,anb
30.86,32.14,59.96,0.000881,0.000739,0.000842,0.492,0.0462,1286,0.0031,0.00227,124.48
