vm,vs,vw,qm,qs,qw,lmp,lm,npaths,rm,rw,anb
27.12,28.24,52.7,0.000774,0.000649,0.00074,0.492,0.0462,1286,0.0031,0.00227,112.86
