vm,vs,vw,qm,qs,qw,lmp,lm,npaths,rm,rw,anb
11.22,11.27,7.36,0.000393,0.000439,0.000125,0.393,0.0462,236,0.0031,0.00204,59.27
