vm,vs,vw,qm,qs,qw,lmp,lm,npaths,rm,rw,anb
3.46,2.7,2.18,0.000122,0.000111,2.62e-05,0.395,0.0462,370,0.0031,0.00203,35.44
