vm,vs,vw,qm,qs,qw,lmp,lm,npaths,rm,rw,anb
8.42,8.77,16.37,0.00024,0.000202,0.00023,0.492,0.0462,1286,0.0031,0.00227,41.91
