vm,vs,vw,qm,qs,qw,lmp,lm,npaths,rm,rw,anb
27.56,36.45,60.88,0.000686,0.000759,0.00084,0.341,0.0462,150,0.0031,0.00197,106.69
