vm,vs,vw,qm,qs,qw,lmp,lm,npaths,rm,rw,anb
3.36,2.64,2.15,0.000116,0.000103,2.44e-05,0.363,0.0462,314,0.0031,0.00197,38.96
