vm,vs,vw,qm,qs,qw,lmp,lm,npaths,rm,rw,anb
11.79,17.4,29.39,0.000289,0.000376,0.000394,0.376,0.0462,260,0.0031,0.00199,50.67
