vm,vs,vw,qm,qs,qw,lmp,lm,npaths,rm,rw,anb
19.5,15.82,18.39,0.000634,0.00057,0.000218,0.393,0.0462,355,0.0031,0.00203,101.57
