vm,vs,vw,qm,qs,qw,lmp,lm,npaths,rm,rw,anb
3.73,4.93,8.24,9.28e-05,0.000103,0.000114,0.341,0.0462,150,0.0031,0.00197,24.1
