vm,vs,vw,qm,qs,qw,lmp,lm,npaths,rm,rw,anb
21.78,21.87,14.29,0.000762,0.000852,0.000242,0.393,0.0462,236,0.0031,0.00204,107.69
