vm,vs,vw,qm,qs,qw,lmp,lm,npaths,rm,rw,anb
7.02,5.7,6.62,0.000228,0.000206,7.85e-05,0.393,0.0462,355,0.0031,0.00203,47.0
