vm,vs,vw,qm,qs,qw,lmp,lm,npaths,rm,rw,anb
6.77,8.83,13.57,0.000168,0.000181,0.000191,0.316,0.0462,150,0.0031,0.00196,38.12
