vm,vs,vw,qm,qs,qw,lmp,lm,npaths,rm,rw,anb
20.02,15.63,12.64,0.000708,0.000641,0.000152,0.395,0.0462,370,0.0031,0.00203,107.83
