vm,vs,vw,qm,qs,qw,lmp,lm,npaths,rm,rw,anb
23.38,24.35,45.43,0.000668,0.00056,0.000638,0.492,0.0462,1286,0.0031,0.00227,97.9
