vm,vs,vw,qm,qs,qw,lmp,lm,npaths,rm,rw,anb
10.14,8.23,9.56,0.00033,0.000297,0.000113,0.393,0.0462,355,0.0031,0.00203,63.81
