vm,vs,vw,qm,qs,qw,lmp,lm,npaths,rm,rw,anb
24.86,19.48,15.89,0.000859,0.00076,0.00018,0.363,0.0462,314,0.0031,0.00197,215.59
