vm,vs,vw,qm,qs,qw,lmp,lm,npaths,rm,rw,anb
23.01,19.67,12.19,0.000817,0.000817,0.000139,0.363,0.0462,268,0.0031,0.00197,116.17
