vm,vs,vw,qm,qs,qw,lmp,lm,npaths,rm,rw,anb
9.69,12.81,21.4,0.000241,0.000267,0.000295,0.341,0.0462,150,0.0031,0.00197,45.99
