vm,vs,vw,qm,qs,qw,lmp,lm,npaths,rm,rw,anb
21.61,28.57,47.72,0.000538,0.000595,0.000659,0.341,0.0462,150,0.0031,0.00197,84.47
