vm,vs,vw,qm,qs,qw,lmp,lm,npaths,rm,rw,anb
18.79,24.52,37.67,0.000467,0.000502,0.000531,0.316,0.0462,150,0.0031,0.00196,89.54
