vm,vs,vw,qm,qs,qw,lmp,lm,npaths,rm,rw,anb
3.91,3.17,3.68,0.000127,0.000114,4.36e-05,0.393,0.0462,355,0.0031,0.00203,31.84
