vm,vs,vw,qm,qs,qw,lmp,lm,npaths,rm,rw,anb
15.9,16.56,30.9,0.000454,0.000381,0.000434,0.492,0.0462,1286,0.0031,0.00227,69.34
