vm,vs,vw,qm,qs,qw,lmp,lm,npaths,rm,rw,anb
28.85,23.42,27.21,0.000938,0.000844,0.000322,0.393,0.0462,355,0.0031,0.00203,140.61
