vm,vs,vw,qm,qs,qw,lmp,lm,npaths,rm,rw,anb
14.11,11.06,9.02,0.000488,0.000432,0.000102,0.363,0.0462,314,0.0031,0.00197,133.92
