vm,vs,vw,qm,qs,qw,lmp,lm,npaths,rm,rw,anb
24.42,24.52,16.02,0.000854,0.000956,0.000271,0.393,0.0462,236,0.0031,0.00204,120.51
