vm,vs,vw,qm,qs,qw,lmp,lm,npaths,rm,rw,anb
27.81,36.28,55.74,0.000692,0.000743,0.000786,0.316,0.0462,150,0.0031,0.00196,122.85
