vm,vs,vw,qm,qs,qw,lmp,lm,npaths,rm,rw,anb
12.67,16.75,27.98,0.000315,0.000349,0.000386,0.341,0.0462,150,0.0031,0.00197,57.01
