vm,vs,vw,qm,qs,qw,lmp,lm,npaths,rm,rw,anb
11.42,8.95,7.3,0.000395,0.000349,8.27e-05,0.363,0.0462,314,0.0031,0.00197,112.18
