vm,vs,vw,qm,qs,qw,lmp,lm,npaths,rm,rw,anb
6.05,4.74,3.87,0.000209,0.000185,4.38e-05,0.363,0.0462,314,0.0031,0.00197,63.78
