vm,vs,vw,qm,qs,qw,lmp,lm,npaths,rm,rw,anb
20.52,17.54,10.87,0.000729,0.000729,0.000124,0.363,0.0462,268,0.0031,0.00197,105.64
