vm,vs,vw,qm,qs,qw,lmp,lm,npaths,rm,rw,anb
34.6,36.03,67.23,0.000988,0.000828,0.000944,0.492,0.0462,1286,0.0031,0.00227,139.78
