vm,vs,vw,qm,qs,qw,lmp,lm,npaths,rm,rw,anb
16.5,16.57,10.82,0.000577,0.000646,0.000183,0.393,0.0462,236,0.0031,0.00204,83.08
