vm,vs,vw,qm,qs,qw,lmp,lm,npaths,rm,rw,anb
19.64,20.46,38.16,0.000561,0.00047,0.000536,0.492,0.0462,1286,0.0031,0.00227,85.0
