vm,vs,vw,qm,qs,qw,lmp,lm,npaths,rm,rw,anb
5.6,4.79,2.97,0.000199,0.000199,3.39e-05,0.363,0.0462,268,0.0031,0.00197,35.44
