vm,vs,vw,qm,qs,qw,lmp,lm,npaths,rm,rw,anb
22.78,17.78,14.39,0.000806,0.000729,0.000173,0.395,0.0462,370,0.0031,0.00203,123.02
