vm,vs,vw,qm,qs,qw,lmp,lm,npaths,rm,rw,anb
17.33,25.58,43.21,0.000425,0.000553,0.00058,0.376,0.0462,260,0.0031,0.00199,71.0
