vm,vs,vw,qm,qs,qw,lmp,lm,npaths,rm,rw,anb
16.8,13.16,10.74,0.00058,0.000514,0.000122,0.363,0.0462,314,0.0031,0.00197,163.37
