vm,vs,vw,qm,qs,qw,lmp,lm,npaths,rm,rw,anb
8.98,7.01,5.67,0.000318,0.000288,6.81e-05,0.395,0.0462,370,0.0031,0.00203,69.16
