vm,vs,vw,qm,qs,qw,lmp,lm,npaths,rm,rw,anb
22.62,18.35,21.33,0.000735,0.000662,0.000253,0.393,0.0462,355,0.0031,0.00203,122.73
