vm,vs,vw,qm,qs,qw,lmp,lm,npaths,rm,rw,anb
10.58,9.04,5.6,0.000375,0.000376,6.41e-05,0.363,0.0462,268,0.0031,0.00197,58.35
