vm,vs,vw,qm,qs,qw,lmp,lm,npaths,rm,rw,anb
17.26,13.47,10.9,0.00061,0.000553,0.000131,0.395,0.0462,370,0.0031,0.00203,106.22
