vm,vs,vw,qm,qs,qw,lmp,lm,npaths,rm,rw,anb
13.06,11.17,6.92,0.000464,0.000464,7.91e-05,0.363,0.0462,268,0.0031,0.00197,70.45
