vm,vs,vw,qm,qs,qw,lmp,lm,npaths,rm,rw,anb
22.88,33.76,57.03,0.000561,0.00073,0.000765,0.376,0.0462,260,0.0031,0.00199,90.85
