vm,vs,vw,qm,qs,qw,lmp,lm,npaths,rm,rw,anb
19.14,19.22,12.55,0.00067,0.000749,0.000213,0.393,0.0462,236,0.0031,0.00204,95.41
