vm,vs,vw,qm,qs,qw,lmp,lm,npaths,rm,rw,anb
3.76,4.91,7.54,9.36e-05,0.000101,0.000106,0.316,0.0462,150,0.0031,0.00196,25.55
