vm,vs,vw,qm,qs,qw,lmp,lm,npaths,rm,rw,anb
3.11,2.66,1.65,0.000111,0.000111,1.89e-05,0.363,0.0462,268,0.0031,0.00197,22.71
