vm,vs,vw,qm,qs,qw,lmp,lm,npaths,rm,rw,anb
13.26,10.76,12.5,0.000431,0.000388,0.000148,0.393,0.0462,355,0.0031,0.00203,76.38
