vm,vs,vw,qm,qs,qw,lmp,lm,npaths,rm,rw,anb
11.74,9.16,7.41,0.000415,0.000376,8.91e-05,0.395,0.0462,370,0.0031,0.00203,71.14
