vm,vs,vw,qm,qs,qw,lmp,lm,npaths,rm,rw,anb
25.74,20.88,24.27,0.000836,0.000753,0.000288,0.393,0.0462,355,0.0031,0.00203,130.86
