vm,vs,vw,qm,qs,qw,lmp,lm,npaths,rm,rw,anb
14.5,11.32,9.16,0.000513,0.000464,0.00011,0.395,0.0462,370,0.0031,0.00203,82.15
