vm,vs,vw,qm,qs,qw,lmp,lm,npaths,rm,rw,anb
9.02,13.3,22.48,0.000221,0.000288,0.000302,0.376,0.0462,260,0.0031,0.00199,41.26
