vm,vs,vw,qm,qs,qw,lmp,lm,npaths,rm,rw,anb
8.74,6.85,5.59,0.000302,0.000267,6.33e-05,0.363,0.0462,314,0.0031,0.00197,93.96
