vm,vs,vw,qm,qs,qw,lmp,lm,npaths,rm,rw,anb
25.65,37.85,63.94,0.000629,0.000819,0.000858,0.376,0.0462,260,0.0031,0.00199,98.41
