vm,vs,vw,qm,qs,qw,lmp,lm,npaths,rm,rw,anb
8.09,6.91,4.29,0.000287,0.000287,4.9e-05,0.363,0.0462,268,0.0031,0.00197,47.73
