vm,vs,vw,qm,qs,qw,lmp,lm,npaths,rm,rw,anb
6.22,4.85,3.93,0.00022,0.000199,4.72e-05,0.395,0.0462,370,0.0031,0.00203,52.04
