vm,vs,vw,qm,qs,qw,lmp,lm,npaths,rm,rw,anb
13.86,13.92,9.09,0.000485,0.000543,0.000154,0.393,0.0462,236,0.0031,0.00204,69.62
