vm,vs,vw,qm,qs,qw,lmp,lm,npaths,rm,rw,anb
22.17,17.37,14.17,0.000766,0.000678,0.000161,0.363,0.0462,314,0.0031,0.00197,196.0
