vm,vs,vw,qm,qs,qw,lmp,lm,npaths,rm,rw,anb
5.95,5.97,3.9,0.000208,0.000233,6.61e-05,0.393,0.0462,236,0.0031,0.00204,33.73
