vm,vs,vw,qm,qs,qw,lmp,lm,npaths,rm,rw,anb
4.68,4.88,9.1,0.000134,0.000112,0.000128,0.492,0.0462,1286,0.0031,0.00227,24.5
