vm,vs,vw,qm,qs,qw,lmp,lm,npaths,rm,rw,anb
18.63,24.63,41.14,0.000464,0.000513,0.000568,0.341,0.0462,150,0.0031,0.00197,76.25
