vm,vs,vw,qm,qs,qw,lmp,lm,npaths,rm,rw,anb
6.24,9.21,15.57,0.000153,0.000199,0.000209,0.376,0.0462,260,0.0031,0.00199,31.01
