vm,vs,vw,qm,qs,qw,lmp,lm,npaths,rm,rw,anb
12.16,12.67,23.63,0.000347,0.000291,0.000332,0.492,0.0462,1286,0.0031,0.00227,53.75
