vm,vs,vw,qm,qs,qw,lmp,lm,npaths,rm,rw,anb
25.54,19.94,16.13,0.000903,0.000818,0.000194,0.395,0.0462,370,0.0031,0.00203,136.54
