vm,vs,vw,qm,qs,qw,lmp,lm,npaths,rm,rw,anb
15.65,20.69,34.56,0.000389,0.000431,0.000477,0.341,0.0462,150,0.0031,0.00197,69.0
