vm,vs,vw,qm,qs,qw,lmp,lm,npaths,rm,rw,anb
12.78,16.67,25.62,0.000318,0.000341,0.000361,0.316,0.0462,150,0.0031,0.00196,64.13
